page_order,name_ja,zone_name,obtention_desc,attri,positi,lv,GP,TP,kick,body,control,guard,speed,stamina,guts,freedom,h1,h2,h3,h4,name_romanji
1-1,あいかた,北東京,ミニバトル,林,GK,5,126,93,57,56,54,56,56,42,51,60,ワイルドクロー,しこふみ,リカバリー,ばくれつパンチ,aikata
1-2,あいき,ウミガメ島,ミニバトル,林,FW,,93,122,51,56,54,56,51,53,51,60,グレネードショット,クンフーアタック (B),フーセンガム,あいきどう,aiki
1-3,あいこう,アルゼンチン,"アルゼンチン
(ガチャ: 赤 )",火,FW,,120,95,62,53,53,55,56,62,52,22,スパイラルショット 改,ヒートタックル,フェイクボンバー,ジャッジスルー2,aikou
1-4,あいぞめ,北東京,"稲妻商店街
(ガチャ: 青 )",山,GK,8,118,93,48,53,56,51,62,62,56,37,パワーシールド,こがらし,つむじ,ブレードアタック,aizome
1-5,あいちゃん,イギリス,"イギリス
(ガチャ: 青 )",火,DF,,89,137,48,50,48,51,51,48,51,63,コイルターン,ドラゴンキャノン (B),リボンシャワー,ニニンサンキャク,aichan
1-6,あえん,クジャク島,"アメリカ
(ガチャ: 赤 ）",山,MF,,122,120,54,56,44,45,50,51,51,89,どくぎりのじゅつ,ざんぞう,たつまきどくぎり,しこふみ,aen
1-7,あおい,大阪,"関西 愛媛
(ガチャ: 赤 )",林,MF,,122,97,44,55,52,54,64,55,52,57,たつまきせんぷう,フーセンガム,ざんぞう,フレイムダンス,aoi
1-8,あおそり,大阪,"大阪
(ガチャ: 赤 )",林,MF,,100,105,44,60,48,44,44,47,47,82,のろい,スネークショット (C),おんりょう,キラースライド,aosori
1-9,あおの,セントラル,"ジャパン
(ガチャ: 青 )",林,MF,,126,101,56,60,63,58,57,57,56,45,ジグザグスパーク,クロスドライブ (C),トカチェフボンバー (C),フレイムダンス,aono
1-10,あおば,沖縄,"福岡　沖縄
(ガチャ: 青 )",林,MF,14,134,115,54,61,56,56,51,54,53,37,イケメンUP!,イリュージョンボール,たつまきどくぎり,ぶんしんフェイント,aoba
2-1,あおもり,ウミガメ島,"ブラジル
(ガチャ: 青 )",風,FW,,117,102,58,57,52,62,56,51,56,21,スピニングシュート (C),ひとりワンツー,クロスドライブ (C),ドこんじょうバット (B),aomori
2-2,あが,北海道,"北海道
(ガチャ: 黄 )",火,DF,,120,91,45,41,38,53,60,57,53,66,キラースライド,どくぎりのじゅつ,ブレードアタック,スピニングカット (B),aga
2-3,あかい,クジャク島,"アメリカエリア
(ガチャ: 青 )",火,GK,,99,126,47,48,50,44,50,48,47,101,まきわりチョップ,ゴールずらし,しこふみ,ダブルロケット,akai
2-4,あかえ,ブラジル,"ブラジル
(ガチャ: 赤 )",火,DF,,91,126,56,57,50,61,52,58,54,24,フェイクボール,カンガルーキック,アルマジロサーカス,ブロックサーカス,akae
2-5,あかぎ,南東京,ミニバトル,風,MF,,120,110,57,56,51,61,51,53,56,39,しっぷうダッシュ,ざんぞう,オオウチワ,せんぷうじん (B),akagi
2-6,あかぎり,大阪,"大阪
(ガチャ: 赤 )",火,GK,,120,97,51,51,56,48,53,56,53,71,スワンダイブ,グラビテイション (B),ちゃぶだいがえし,ダブルロケット,akagiri
2-7,あかずきん,アルゼンチン,Wi-Fi配信,山,DF,,83,134,45,48,62,44,59,45,44,57,フォトンフラッシュ,ウルフレジェンド,ダッシュアクセル,ビーストファング,akazukin
2-8,あかだい,南東京,"大江戸国際空港
(ガチャ: 黄 )",火,GK,,110,94,56,52,51,54,51,54,56,53,ねっけつパンチ,フルパワーシールド,ジグザグスパーク,オオウチワ,akadai
2-9,あかね,コトアール,ミニバトル,林,MF,,118,109,45,57,66,44,56,56,55,60,しこふみ,フーセンガム,くものいと,たつまきどくぎり,akane
2-10,あかばね,イギリス,"イギリス
(ガチャ: 青 )",山,DF,,122,97,60,55,54,52,56,56,51,25,しっぷうダッシュ,スーパースキャン,くものいと,シューティングスター (B),akabane
3-1,あかひこ,北東京,"稲妻商店街
(ガチャ: 青 )",火,DF,8,99,126,50,57,61,46,56,51,54,60,スーパースキャン,ドッペルゲンガー,スーパースキャン,ワープドライブ,akahiko
3-2,あかり,北東京,ミニバトル 北海道,林,FW,,96,131,56,63,53,53,51,56,59,40,メテオアタック,パトリオットシュート (L),モグラシャッフル,リフレクトバスター (LV56),akari
3-3,あかりん,クジャク島,Wi-Fi配信,山,DF,,75,133,40,39,41,67,62,39,46,82,ドッペルゲンガー,マジック,イリュージョンボール,すいせいシュート (L),akarin
3-4,アキ,コンドル島,"イタリア
(ガチャ: 青 )",火,DF,,107,134,46,56,57,48,57,54,51,49,ローズスプラッシュ (C),エコーボール,サイクロン,ジャッジスル―,aki
3-5,あきた,愛媛,"関西 愛媛
(ガチャ: 黄 )",風,FW,,118,85,54,51,44,50,48,51,54,81,フェイクボール,クロスドライブ (C),スニーキングレイド,デュアルストーム,akita
3-6,あきもと,ブラジル,"ブラジル
(ガチャ: 青 )",風,FW,,119,93,53,54,57,57,51,51,51,55,しっぷうダッシュ,クルクルヘッド,なまける,ディバインアロー,akimoto
3-7,あく,アルゼチン,"アルゼチン
(ガチャ: 赤 )",火,MF,,111,92,51,52,60,48,51,54,56,61,ひとりワンツー,フレイムダンス,ファイアトルネード (C),シューティングスター (B),aku
3-8,アクア,コンドル島,人脈システム,山,DF,,107,100,55,54,66,53,65,65,53,11,ディフェンスプラス,ホエールガード,つなみブースト (L),デザートストーム,akua
3-9,あくたがわ,ウミガメ島,ミニバトル,林,MF,5,91,119,56,55,57,57,57,62,54,23,ひとりワンツー,どくぎりのじゅつ,おんりょう,まぼろしドリブル,akutagawa
3-10,あぐち,ウミヘビ島,"イギリス
(ガチャ: 黄 )",風,GK,,129,93,53,52,51,59,48,64,51,52,ねっけつパンチ,クイックドロウ,ジグザグスパーク,フォトンフラッシュ,aguchi
4-1,あけち,北海道,ミニバトル,林,MF,5,116,92,47,56,58,51,51,51,53,62,メガネクラッシュ (C),どくぎりのじゅつ,たつまきどくぎり,ヘブンズタイム,akechi
4-2,アコ,コトアール,"コトアール
(ガチャ: 青 )",火,MF,,103,124,55,53,54,60,53,53,42,46,スワンダイブ,スーパーアルマジロ,カポエィラスナッチ,いかりのてっつい,ako
4-3,あごん,大阪,ミニバトル,火,MF,,126,92,67,65,47,62,53,65,51,12,ちょうわざ！,ダッシュアクセル,ボルケイノカット (B),トライアングルＺ,agon
4-4,あさくぼ,アルゼンチン,"アルゼンチン
(ガチャ: 青 )",風,MF,,119,118,48,53,58,49,57,56,53,59,ダッシュアクセル,ラン・ボール・ラン,ごりむちゅう,れっぷうダッシュ,asakubo
4-5,あさくら,アルゼンチン,"アルゼンチン
(ガチャ: 青 )",風,MF,,118,94,51,57,51,56,54,57,53,62,スーパースキャン,ムーンサルト,レインボーループ (L),サイクロン (LV52),asakura
4-6,あさつゆ,南東京,"大江戸国際空港
(ガチャ: 赤 )",風,DF,,131,91,44,51,57,53,57,55,57,59,コイルターン,たまのりピエロ,スピニングカット (B),ざんぞう,asatsuyu
4-7,あさみず,アメリカ,ミニバトル,林,DF,,120,93,60,53,54,56,50,62,53,26,クイックドロウ,プロファイルゾーン,セキュリティショット,オーロラカーテン,asamizu
4-8,あさり,ヤマネコ島,"アルゼンチンエリア
(ガチャ: 青 )",山,DF,,129,92,53,51,51,60,51,65,51,49,ジャイアントスピン (B),キラースライド,まぼろしドリブル,イカサマ！,asari
4-9,あしだ,南東京,大江戸国際空港(ガチャ: 青 ),火,GK,,120,104,56,53,47,48,51,51,54,68,ねっけつパンチ,トルネードキャッチ,フレイムダンス,つむじ,ashida
4-10,あしつ,北東京,"稲妻商店街
(ガチャ: 赤レア )",風,FW,8,100,110,60,61,57,48,54,44,54,44,ファントムシュート V3(C),ワイバーンクラッシュ,モグラフェイント,じくうのかべ,ashitsu
5-1,あしゅら,京都,"関西 愛媛
(ガチャ: 黄 )",火,FW,,118,93,48,52,54,53,62,55,55,60,ターザンキック (C),フリーズショット,ジャッジスルー,ファイアトルネード (C),ashura
5-2,あすか,コトアール,"コトアール
(チャ: 黄 )",林,DF,,120,101,59,58,57,56,58,57,60,17,コイルターン,せいぎのてっけん,フレイムダンス,じごくぐるま,asuka
5-3,あずほ,コトアール,ミニバトル,林,FW,,102,127,57,53,53,57,55,42,56,45,あびせげり (C),ひとりワンツー,さばきのてっつい (B),こんしん！,azuho
5-4,あずま,パスワード,パスワード,山,DF,8,126,120,54,52,48,48,58,52,60,68,ネバーギブアップ,クリティカル！,リカバリー,ぞくせいきょうか (Lv50),azuma
5-5,あそ,大阪,"関西 愛媛
(ガチャ: 黄 )",火,FW,,122,94,51,51,51,53,51,54,53,54,フーセンガム,ジャッジスルー,ジャッジスルー２,ボルケイノカット (B),aso
5-6,あたご,愛媛,"関西 愛媛
(ガチャ: 青 )",火,GK,,119,97,56,52,56,54,51,60,51,59,ねっけつヘッド,ドこんじょうキャッチ,サイクロン,つなみウォール,atago
5-7,あだしの,アメリカ,"アメリカ
(ガチャ: 赤 )",風,FW,18,126,117,54,57,57,53,56,62,53,36,スピニングシュート (C),あびせげり (C),たつまきせんぷう,ニニンサンキャク,adashino
5-8,あたる,ヤマネコ島,ミニバトル,林,MF,,94,116,57,55,53,51,57,60,56,35,ホーントレイン (B),カンガルーキック,ぶんしんディフェンス,ぶんしんフェイント,ataru
5-9,あつい,大阪,"関西 愛媛
(ガチャ: 青 )",火,FW,,126,94,54,56,51,55,51,61,51,52,グレネードショット,パトリオットシュート (L),シャインドライブ,アサルトシュート (L),atsui
5-10,アップル,イギリス,"イギリス
(ガチャ: 赤レア )",山,FW,,119,106,56,61,62,61,60,59,62,11,パトリオットシュート (L),ジャッジスルー,じごくぐるま,デュアルストライク,appuru
6-1,あなざわ,イギリス,人脈システム,火,DF,,122,110,56,57,61,60,58,45,54,49,キラースライド,モグラシャッフル,モグラフェイント,U・ボート,anazawa
6-2,アネサン,ジャパン,ミニバトル,火,GK,,114,134,51,62,59,65,56,67,67,0,ディフェンスフォース,スラッシュネイル,ハーヴェスト,まおう・ザ・ハンド,anesan
6-3,アバヤ,南東京,"大江戸国際空港
(ガチャ: 青 )",火,FW,,124,129,56,55,54,56,60,53,54,11,とうめいフェイント,ダッシュアクセル,ならくおとし,ユニバースブラスト (C),abaya
6-4,アビー,クジャク島,Wi-Fi配信,山,GK,4,120,103,63,63,65,67,53,63,62,3,なまける,ブラックホール,イジゲン･ザ･ハンド,じくうのかべ,abiー
6-5,あぶらだ,南東京,人脈システム,林,MF,,135,96,53,57,54,56,53,51,53,48,かげぬい,イリュージンボール,スリングショット,てんくうおとし (C),aburada
6-6,あべ,ブラジル,"ブラジル
(ガチャ: 青 )",林,DF,,122,101,51,51,51,55,51,57,57,55,クイックドロウ,かげぬい,れっぷうダッシュ,シューティングスター (B),abe
6-7,あべしま,コンドル島,"イタリア
(ガチャ: 青レア )",火,FW,18,91,137,57,59,62,56,66,63,57,23,ダイナマイトシュート (C),ジャッジスルー,とうめいフェイント,アサルトシュート (L),abeshima
6-8,あまかわ,ウミガメ島,"ブラジル
(ガチャ: 青 )",林,FW,,124,101,60,51,54,54,57,57,51,39,すいせいシュート (L),メテオアタック,りゅうせいブレード (B),アストロブレイク,amakawa
6-9,あまひさ,北東京,ミニバトル,山,DF,,135,97,55,56,55,54,56,39,55,55,たつまきせんぷう,ブレードアタック,トカチェフボンバー (C),トリプルダッシュ,amahisa
6-10,あまほ,北東京,"稲妻商店街
(ガチャ: 青 )",林,DF,8,119,99,46,46,44,44,57,47,54,94,コイルターン,ドラゴングランド,かげぬい,メテオシャワー,amaho
7-1,あまぼし,福岡,"福岡沖縄
(ガチャ: 黄 )",林,GK,,126,90,44,44,51,62,50,60,50,66,ブラックホール,キラースライド,うしろのしょうめん,クイックドロウ,amaboshi
7-2,あまみや,北東京,"イギリス
(ガチャ: 黄 )",風,MF,,124,116,48,51,62,44,51,54,57,62,どくぎりのじゅつ,ブレードアタック,イリュージョンボール,ヘブンズタイム,amamiya
7-3,あめひこ,ウミヘビ島,"イギリス
(ガチャ: 赤 )",火,GK,,107,124,48,56,60,65,53,56,51,35,ねっけつパンチ,ロケットこぶし,フェイクボンバー,ばくれつパンチ,amehiko
7-4,あゆむ,北東京,"稲妻商店街
(ガチャ: 黄 )",風,DF,,100,94,56,53,51,56,53,58,53,42,ドッペルゲンガー,ひとりワンツー,フェイクボール,スピニングカット (B),ayumu
7-5,あらい,ウミヘビ島,ミニバトル,火,FW,5,124,92,52,51,53,56,56,56,53,54,グレネードショット,コイルターン,モンキーターン,ファイアトルネード (C),arai
7-6,あらかわ,コンドル島,"イタリア
(ガチャ: 赤 )",林,FW,,111,102,48,55,60,48,53,54,54,61,メテオアタック,ヒートタックル,フリーズショット,ぶんしんシュート (C),arakawa
7-7,あらき,クジャク島,"アメリカ
(ガチャ: 黄 )",山,MF,,112,94,57,57,63,53,52,53,51,43,クイックドロウ,まぼろしドリブル,くものいと,かげぬい,araki
7-8,あらば,コンドル島,ミニバトル,林,FW,5,120,97,60,60,56,54,56,56,58,33,ダイナマイトシュート (C),シャインドライブ,じごくぐるま,デュアルストライク,araba
7-9,あらや,コンドル島,"イタリア
(ガチャ: 赤 )",火,FW,,121,95,56,61,48,57,56,57,56,24,ジャイアントスピン (B),スーパーアルマジロ,トカチェフボンバー (C),ドこんじょうキャッチ,araya
7-10,アリ,クジャク島,ミニバトル,風,DF,,121,97,56,54,64,51,56,62,53,22,コイルターン,スピニングカット (B),ジグザグスパーク,デュアルストーム,ari
8-1,アリー,ヤマネコ島,Wi-Fi配信,火,GK,,119,120,60,61,62,59,62,59,60,11,ロケットこぶし,スティンガー,イグナイトスティール,せんぷうじん (B),ariー
8-2,アリエス,コンドル島,"イタリア
(ガチャ: 赤 )",山,MF,22,127,97,64,54,56,54,53,65,54,25,ドこんじょうクラブ,オフェンスプラス,シザース・ボム,ドラゴングランド,ariesu
8-3,ありさわ,アルゼンチン,"アルゼンチン
(ガチャ: 青レア )",林,MF,16,118,127,57,61,62,62,61,56,59,0,おいろけUP!,リボンシャワー,プリマドンナ,グッドスメル (LV47),arisawa
8-4,アルミ,北東京,ミニバトル,林,GK,,125,108,61,59,58,56,58,61,56,25,キラーブレード,こがらし,ドこんじょうキャッチ,かげぬい,arumi
8-5,あわしま,愛媛,"関西　愛媛
(ガチャ: 黄 )",風,GK,,106,118,51,55,51,53,57,55,53,54,ねっけつパンチ,かげぬい,ねっけつヘッド,ばくれつパンチ,awashima
8-6,あんこう,ウミガメ島,"ブラジル
(ガチャ: 黄 )",山,DF,,120,99,46,48,47,63,50,49,48,76,ホーントレイン (B),ヒートタックル,ボルケイノカット (B),れっぷうダッシュ,ankou
8-7,あんこくじ,北東京,人脈システム,山,FW,,122,116,64,50,48,50,51,43,48,71,つちだるま (C),モグラフェイント,モグラシャッフル,ジャッジスルー,ankokuji
8-8,あんどう,コンドル島,"イタリア
(ガチャ: 黄 )",山,DF,,92,130,51,53,50,47,46,56,51,72,うしろのしょうめん,サイクロン,ぶんしんフェイント,とうめいフェイント,andou
8-9,あんどん,京都,ミニバトル,林,FW,,106,118,59,49,51,52,51,49,48,66,スネークショット (C),すいせいシュート (L),デスゾーン,キラースライド,andon
8-10,いいだ,イタリア,ミニバトル,火,GK,,120,95,44,39,37,61,58,51,54,81,プレッシャーパンチ,ごりむちゅう,ドこんじょうキャッチ,サイクロン,iida
9-1,いいたに,ウミヘビ島,"イギリス
(ガチャ: 青 )",山,MF,,120,92,58,51,57,54,53,58,57,36,まきわりチョップ,ひゃくれつショット (C),ダブルグレネード (C),ざんぞう,iitani
9-2,いいのや,北東京,人脈システム,林,DF,,127,93,51,50,48,53,50,60,48,58,ドッペルゲンガー,ひとりワンツー,フーセンガム,シザース・ボム,iinoya
9-3,いえなが,コトアール,"コトアール
(ガチャ: 赤 )",火,DF,,94,119,42,40,40,60,56,58,60,69,しこふみ,ひとりワンツー,スーパーしこふみ (B),タフネスブロック,ienaga
9-4,イエロー,奈良,"関西
(ガチャ: 黄 )",山,GK,,105,123,56,53,56,65,53,56,65,38,やくびょうがみ,ゴールずらし,ばくれつパンチ,せいぎのてっけん,ieroー
9-5,イエローD,大阪,"関西
(ガチャ: 黄 )",山,GK,,120,96,57,59,56,67,53,54,49,56,スワンダイブ,ワイルドクロー,うしろのしょうめん,ギガントウォール,ieroーD
9-6,イエローS,大阪,"関西
(ガチャ: 青 )",山,GK,,115,97,53,62,56,66,53,53,44,53,パワーシールド,ザ・ウォール (B),シュートポケット,トリプルディフェンス,ieroーS
9-7,いが,京都,ミニバトル,風,DF,,106,114,44,56,66,45,51,54,51,59,フレイムダンス,かげぬい,とうめいフェイント,れっぷうダッシュ,iga
9-8,いがしら,クジャク島,"アメリカ
(ガチャ: 黄 )",風,GK,,110,91,45,39,43,56,62,55,52,74,スワンダイブ,コイルターン,スピニングカット (B),グラディウスアーチ (L),igashira
9-9,いがた,愛媛,"関西　愛媛
(ガチャ: 赤 )",山,MF,,94,119,47,53,55,56,56,57,55,46,しこふみ,スーパーアルマジロ,アースクェイク,フーセンガム,igata
9-10,いがらし,北東京,"稲妻商店街
(ガチャ: 青レア )",山,FW,8,119,89,65,39,43,48,62,44,46,79,クルクルヘッド (C),スーパーアルマジロ,シャインドライブ,スーパーしこふみ (B),igarashi
10-1,いがわ,ウミヘビ島 マグニード山,"イギリス
(ガチャ: 赤 )",風,FW,,122,101,46,52,61,44,56,53,54,65,グレネードショット,スピニングカット (B),オーロラドリブル,スティンガー,igawa
10-2,いき,愛媛,"愛媛
(ガチャ: 赤 )",風,MF,,135,94,50,56,48,54,63,53,50,39,ジャッジスルー,ダッシュアクセル,メガロドン,キラーブレード,iki
10-3,いくた,愛媛,ミニバトル,山,FW,,105,126,55,53,53,53,51,56,57,55,スーパースキャン,とうめいフェイント,がくしゅう,ドこんじょうクラブ (L),ikuta
10-4,いぐち,北海道,"北海道
(ガチャ: 青 )",風,FW,,94,116,59,51,57,54,56,67,51,27,ターザンキック (C),クルクルヘッド (C),ひゃくれつショット (C),マッドエクスプレス,iguchi
10-5,いくみ,,ワイヤレス,火,DF,,106,113,51,39,66,75,56,56,51,18,がくしゅう,ジ・イカロス,スピニングカット (B),カンガルーキック,ikumi
10-6,いけす,北東京,"稲妻商店街
(ガチャ: 赤 )",火,GK,8,93,123,52,56,51,47,48,51,57,65,スワンダイブ,メガロドン,パワーシールド,ばくれつパンチ,ikesu
10-7,いけだ,京都,"関西
(ガチャ: 赤 )",山,DF,,124,95,53,58,52,61,54,56,57,23,クイックドロウ,ブレードアタック,ごりむちゅう,れっぷうダッシュ,ikeda
10-8,いこ,北東京,ミニバトル,風,FW,5,90,124,50,50,50,51,50,50,48,67,ひゃくれつショット (C),ドラゴンキャノン (B),おいろけＵＰ！,コイルターン,iko
10-9,いさ,北東京,人脈システム,風,FW,,94,116,40,62,60,61,42,41,39,80,ひゃくれつショット (C),しっぷうダッシュ,ダッシュストーム,クイックドロウ,isa
10-10,いさがわ,コトアール,Wi-Fi配信,火,DF,,93,128,51,53,65,65,50,51,51,38,ウェルカムバック,ジャイアントスピン (B),マジック,ごりむちゅう,isagawa
11-1,いさりび,北東京,"稲妻商店街
(ガチャ: 赤 )",風,GK,,116,116,44,51,60,46,55,57,56,62,スワンダイブ,こがらし,ホエールガード,フルパワーシールド,isaribi
11-2,いしくら,ウミヘビ島,"イギリス
(ガチャ: 赤レア )",火,GK,,119,109,64,62,58,65,45,60,56,33,タフネスブロック,ジャッジスルー,ばくれつパンチ,ぶんしんブロック,ishikura
11-3,いしげ,ジャパン,"ジャパン
(ガチャ: 黄 )",山,MF,,124,100,51,56,65,53,62,56,60,33,クルクルヘッド (C),ツナミブースト (L),オーロラドリブル,エアライド,ishige
11-4,いしだ,ウミネコ島,"イギリス
(ガチャ: 赤 )",火,FW,,121,95,46,51,57,53,59,52,51,61,つちだるま (C),クロスドライブ (C),ジグザグスパーク,クンフーアタック (B),ishida
11-5,いしづ,ヤマネコ島,ミニバトル,風,FW,,75,140,51,50,65,51,64,41,41,63,ローリングキック (C),ターザンキック (C),ダークトルネード (B),Ｕ・ボート,ishizu
11-6,いしつくり,セントラル,"ジャパン
(ガチャ: 黄 )",風,MF,,119,101,63,67,57,41,56,39,57,43,ごりむちゅう,しっぷうダッシュ,グレイブストーン,ホーントレイン (B),ishitsukuri
11-7,いしどう,パスワード,"商店街
(ガチャ: 黄 )",火,FW,,130,95,49,51,56,56,56,66,53,37,ターザンキック (C),つちだるま (C),ヒートタックル,ダブルグレネード (C),ishidou
11-8,いしどこ,福岡,人脈システム,火,DF,,121,90,47,60,44,58,54,50,56,73,ごりむちゅう,デザートストーム,シザース・ボム,オーロラドリブル,ishidoko
11-9,いしはら,コンドル島,"イタリア
(ガチャ: 赤 )",林,DF,,126,96,47,53,56,55,64,56,52,59,ホーントレイン (B),ひとりワンツー,くものいと,ぶんしんディフェンス,ishihara
11-10,いしまつ,福岡,"福岡
(ガチャ: 黄 )",火,GK,,120,113,55,53,54,55,54,56,67,34,たつまきせんぷう,オオウチワ,ねっけつヘッド,ちゃぶだいがえし,ishimatsu
12-1,いすな,北海道,"北海道
(ガチャ: 黄 )",林,MF,,133,93,61,51,57,57,52,59,51,25,ダッシュアクセル,ヒートタックル,フリーズショット,マッドエクスプレス,isuna
12-2,いせ,アルゼンチン,"アルゼンチン
(ガチャ: 黄 )",山,MF,,121,93,56,50,54,53,54,57,56,54,たまのりピエロ,うしろのしょうめん,イケイケ！,フェイクボンバー,ise
12-3,いそ,ウミヘビ島,"イギリス
(ガチャ: 黄 )",山,MF,,106,112,50,58,60,58,51,50,51,51,ダッシュアクセル,ジグザグスパーク,とうめいフェイント,Ｕ･ボード,iso
12-4,いたばし,コンドル島,"イタリア
(ガチャ: 黄 )",山,FW,,137,113,53,59,56,57,54,54,52,39,あびせげり (C),ぶんしんフェイント,クロスドライブ (C),ダークトルネード (B),itabashi
12-5,いちご,北東京,"稲妻商店街
(ガチャ: 黄",風,FW,,118,99,42,63,48,42,63,44,48,77,しっぷうダッシュ,すいせいシュート,クロスドライブ (C),ジグザグスパーク,ichigo
12-6,いちのせ,-,プレミアムスカウト,林,MF,,127,113,70,60,75,54,63,53,61,6,スピニングシュート (C),ムーンサルト,フレイムダンス,アトミックフレア (B)(LV52),ichinose
12-7,いちはた,北東京,"稲妻商店街
(ガチャ: 青 )",林,DF,8,129,93,51,51,48,53,55,64,51,59,ダッシュアクセル,デザートストーム,コイルターン,フェイクボンバー,ichihata
12-8,いちまつ,コンドル島,"イタリア
(ガチャ: 黄 )",山,DF,,131,92,45,47,48,48,48,46,45,99,うしろのしょうめん,サイクロン,ごりむちゅう,おんりょう,ichimatsu
12-9,いちもんじ,セントラル,"ジャパン
(ガチャ: 赤 )",火,FW,,121,106,77,59,61,56,54,57,58,22,イカサマ！,ダークトルネード (B),ジャッジスルー２,ダブル・ジョー (LV70),ichimonji
12-10,いっきゅう,セントラル,"ジャパン
(ガチャ: 赤 )",林,FW,,99,135,46,54,65,46,51,51,56,63,ローリングキック (C),フリーズショット,ぶんしんシュート (C),デュアルパス,ikkyuu
13-1,いっとく,北東京,"稲妻商店街
(ガチャ: 黄 )",林,FW,8,99,124,52,51,51,57,56,56,57,31,ラッキー!,スピニングシュート (C),ざんぞう,バックトルネード (B),ittoku
13-2,いで,アルゼンチン,"アルゼンチン
(ガチャ: 青 )",山,MF,,131,89,53,46,51,46,51,56,47,75,モンキーターン,うしろのしょうめん,クンフーヘッド,ぶんしんフェイント,ide
13-3,いでいし,セントラル,"ジャパン
(ガチャ: 赤 )",火,MF,,126,91,51,56,50,50,63,41,50,80,ムーンサルト,しっぷうダッシュ,サイクロン,ジ・イカロス,ideishi
13-4,いでた,ブラジル,"ブラジル
(ガチャ: 青 )",山,DF,,94,118,47,53,54,55,60,56,56,44,しこふみ,スーパーしこふみ (B),つちだるま (C),スーパーアルマジロ,ideta
13-5,イトー,クジャク島,"アメリカ
(ガチャ: 黄 )",風,FW,,91,113,53,57,50,47,49,52,55,55,メテオアタック,クンフーヘッド,しこふみ,スーパーアルマジロ,itoー
13-6,いなご,大阪,"関西 愛媛
(ガチャ: 黄 )",風,MF,,122,96,51,53,57,56,54,55,55,44,ムーンサルト,ヒートタックル,ウルトラムーン,ぶんしんディフェンス,inago
13-7,いなの,南東京,ミニバトル,林,FW,,109,109,57,54,53,49,48,50,57,44,スピニングシュート (C),ダブルグレネード (C),グレネードショット,メガロドン,inano
13-8,いなば,ウミヘビ島,イギリス(ガチャ: 赤 ),火,FW,,94,132,63,66,49,64,51,39,48,52,つちだるま (C),セキュリティショット,マジック,あびせげり (C),inaba
13-9,いなみ,ブラジル,"ブラジル
(ガチャ: 黄 )",火,MF,,120,97,49,43,39,57,56,57,53,71,モンキーターン,フレイムダンス,ヒートタックル,ツナミブースト (L),inami
13-10,いぬい,ヤマネコ島,"アルゼンチン
(ガチャ: 青 )",火,DF,,130,90,50,45,44,46,62,67,60,36,ホーントレイン (B),ドッグラン,ダブルグレネード (C),フレイムダンス,inui
14-1,いぬがみ,ウミガメ島,"ブラジル
(ガチャ: 青 )",山,GK,,122,101,58,54,53,60,39,56,53,60,まきわりチョップ,ワイルドクロー,ドこんじょうキャッチ,トカチェフボンバー (C),inugami
14-2,いぬはら,ヤマネコ島,"アルゼンチン
(ガチャ: 青 )",山,FW,,109,118,49,57,65,61,51,53,57,22,ターザンキック (B),しこふみ,アルマジロサーカス,ドッグラン,inuhara
14-3,いの,セントラル,"ジャパン
(ガチャ: 赤 )",火,GK,,93,128,56,41,38,51,57,52,51,79,スワンダイブ,ロケットこぶし,ジャッジスルー,ばくれつパンチ,ino
14-4,いのう,クジャク島,"アメリカ
(ガチャ: 青 )",風,MF,,126,96,47,56,54,51,60,56,52,35,たまのりピエロ,フーセンガム,フェイクボール,フェイクボンバー,inou
14-5,いのまた,ウミガメ島,"ブラジル
(ガチャ: 黄 )",風,MF,20,92,124,50,57,51,57,66,57,54,32,ラッキー!,ざんぞう,かげぬい,ぶんしんフェイント (LV35),inomata
14-6,いばらき,沖縄,ミニバトル,林,FW,,136,87,44,48,51,53,54,48,47,74,ローリングキック (C),スーパースキャン,ぶんしんディフェンス,シャインドライブ,ibaraki
14-7,いまい,北東京,"稲妻商店街
(ガチャ: 青 )",風,FW,8,99,126,51,51,51,52,56,53,53,64,メガトンヘッド (B),ラン・ボール・ラン,ヒートタックル,ガニメデプロトン,imai
14-8,いまがわ,ウミガメ島,"ブラジル
(ガチャ: 黄 )",火,MF,,122,90,45,56,56,58,45,46,48,71,たつまきせんぷう,スパイラルショット,クロスドライブ (C),ダブルグレネード (C),imagawa
14-9,いまざき,ヤマネコ島,"アルゼンチン
(ガチャ: 赤 )",風,MF,,116,105,51,47,46,60,60,56,62,43,ラッキー！,アイスグランド,ぶんしんフェイント,フリーズショット,imazaki
14-10,いまだ,北東京,"稲妻商店街
(ガチャ: 黄 )",林,GK,,137,99,55,62,52,58,53,51,56,26,キラーブレード,グレートバリアリーフ,とうめいフェイント,ホエールガード,imada
15-1,いまむら,北海道,"北海道
(ガチャ: 赤 )",山,DF,,91,119,48,51,52,51,59,59,55,51,キラースライド,フーセンガム,サイクロン,ツインブースト,imamura
15-2,いみず,コトアール,"コトアール
(ガチャ: 黄 )",山,FW,,133,90,62,45,44,47,65,48,48,74,すいせいシュート (L),パトリオットシュート (L),ひとりワンツー,サイクロン,imizu
15-3,いもこ,ヤマネコ島,"アルゼンチン
(ガチャ: 赤 )",山,MF,,133,101,53,59,55,56,57,51,57,22,ごりむちゅう,くものいと,れっぷうダッシュ,かえんほうしゃ,imoko
15-4,いもと,イギリス,"イギリス
(ガチャ: 黄 )",林,MF,,99,125,56,53,51,51,52,56,51,44,すいせいシュート (L),リボンシャワー,ローズスプラッシュ (C),ウェルカムバック,imoto
15-5,いりき,南東京,"大江戸国際空港
(ガチャ: 黄 )",火,DF,,125,101,56,57,56,56,41,58,53,61,かげぬい,ごりむちゅう,モグラフェイント,ドこんじょうキャッチ,iriki
15-6,いりきいん,ジャパン,"ジャパン
(ガチャ: 赤 )",山,FW,,133,90,57,57,50,51,48,51,50,52,イケメンUP!,リフレクトバスター,バックトルネード (B),ユニコーンブースト (C),irikiin
15-7,いるか,ヤマネコ島,"アルゼンチン
(ガチャ: 赤 )",山,GK,,122,92,48,41,39,56,60,56,51,66,たまのりピエロ,ムーンサルト,スワンダイブ,グレートバリアリーフ,iruka
15-8,いろは,愛媛,Wi-Fi配信,林,MF,,107,133,55,56,66,55,56,60,59,32,オフェンスフォース,ダークトルネード (B),グットスメル,キラーフィールズ,iroha
15-9,いわき,北東京,"稲妻商店街
(ガチャ: 青 )",火,GK,,99,113,51,48,52,54,45,52,48,75,オオウチワ,タフネスブロック,ロケットこぶし,ダブルロケット,iwaki
15-10,いわきやま,セントラル,"ジャパン
(ガチャ: 黄 )",火,GK,,94,124,47,46,48,65,52,40,66,61,ザ・マウンテン (B),まきわりチョップ,フルパワーシールド,かげぬい,iwakiyama
16-1,いわさ,ヤマネコ島,"アルゼンチン
(ガチャ: 赤 )",山,FW,,122,92,56,56,55,54,54,55,53,44,しこふみ,つちだるま (C),モグラフェイント,アサルトシュート (L),iwasa
16-2,いわさわ,ウミヘビ島,"イギリス
(ガチャ: 青 )",火,GK,,126,101,57,57,44,62,36,56,53,65,ねっけつパンチ,ボルケイノカット (B),ダブルロケット,ばくれつパンチ,iwasawa
16-3,いわた,ウミガメ島,"ブラジル
(ガチャ: 青 )",風,GK,,136,93,59,54,53,60,43,67,56,22,ねっけつパンチ,トルネードキャッチ,コイルターン,こがらし,iwata
16-4,いわて,ウミガメ島,"ブラジル
(ガチャ: 赤 )",火,DF,,94,113,58,52,51,51,56,57,56,27,ドッペルゲンガー,ひとりワンツー,フレイムダンス,ファイアトルネード (C),iwate
16-5,いわと,セントラル,"ジャパン
(ガチャ: 赤レア )",山,MF,,94,114,53,54,54,55,54,43,53,70,ダッシュアクセル,たつまきせんぷう,あびせげり (C),アイアンウォール (B),iwato
16-6,いわなが,ブラジル,"ブラジル
(ガチャ: 青レア )",火,DF,,106,118,44,53,61,44,57,51,51,67,フェイクボール,やくびょうがみ,シューティングスター (B),オオウチワ,iwanaga
16-7,いわなり,愛媛,"愛媛
(ガチャ: 赤 )",火,MF,,91,127,54,56,41,54,41,42,40,83,ざんぞう,たつまきどくぎり,じばしりかえん,キラースライド,iwanari
16-8,いわぶち,コンドル島,"イタリア
(ガチャ: 黄 )",風,GK,,111,94,51,56,57,52,57,56,54,51,シュートポケット,オーロラカーテン,ホークショット (B),ストームライダー,iwabuchi
16-9,インカン,奈良,"関西 愛媛
(ガチャ: 青 )",風,GK,,120,94,47,56,56,57,59,60,51,34,ロケットこぶし,マジック,ダブルロケット,サイクロン,inkan
16-10,いんの,ウミガメ島,"ブラジル
(ガチャ: 黄 )",林,DF,,126,100,46,54,53,56,62,39,54,64,ダッシュアクセル,しこふみ,スーパーしこふみ (B),サイクロン,inno
17-1,いんべ,北東京,"稲妻商店街
(ガチャ: 赤 )",林,DF,8,125,95,53,53,52,56,48,58,51,55,むぞくせい,スニーキングレイド,ヒートタックル,ツインブースト,inbe
17-2,いんぽう,アメリカ,"アメリカ
(ガチャ: 青 )",火,FW,,127,110,53,54,51,54,56,66,56,32,クルクルヘッド (C),ツインブースト,フーセンガム,フレイムダンス,inpou
17-3,ヴァーゴ,コンドル島,人脈システム,火,FW,28,101,127,57,65,57,53,53,56,53,22,シュートプラス,あびせげり (C),りゅうせいブレード (B)(Lv55),ジ・イカロス (Lv60),vuaago
17-4,ういん,イギリス,人脈システム,風,GK,,112,106,65,61,57,66,47,66,60,31,つむじ,ちゃぶだいがえし,パワーチャージ,デュアルスマッシュ,uin
17-5,うえき,ブラジル,ミニバトル,林,DF,,120,106,45,53,63,50,56,57,56,29,キラースライド,うしろのしょうめん,スニーキングレイド,ハリケーンアロー,ueki
17-6,うえさか,コトアール,"コトアール
(ガチャ: 赤 )",火,FW,,120,89,62,54,44,45,48,56,53,66,ローリングキック (C),フレイムダンス,れっぷうダッシュ,ドラゴントルネード,uesaka
17-7,うえすぎ,ジャパン,"ジャパン
(ガチャ: 青 )",山,FW,,122,97,56,60,44,59,56,60,53,37,つちだるま (C),たつまきせんぷう,せいぎのてっけん,ライトニングアクセル,uesugi
17-8,うえだ,ヤマネコ島,"アルゼンチン
(ガチャ: 赤 )",火,MF,,120,104,53,53,47,47,44,53,53,90,スーパースキャン,ムーンサルト,ラン･ボール･ラン,たまのりピエロ,ueda
17-9,うえの,埠頭,"関西 愛媛
(ガチャ: 黄 )",林,MF,,75,138,59,59,57,59,60,37,59,36,ひとりワンツー,プリマドンナ,ペガサスショット (C),ユニコーンブースト (C)(LV57),ueno
17-10,うが,コンドル島,ミニバトル,林,DF,,122,94,56,57,44,56,56,57,51,62,やくびょうがみ,ムーンサルト,アースクェイク,メガクェイク,uga
18-1,うきた,北東京,人脈システム,火,FW,,110,90,51,49,49,50,59,51,53,55,クロスドライブ (C),あびせげり (C),すいせいシュート (L),ギガントウォール,ukita
18-2,うけがわ,北東京,"稲妻商店街
(ガチャ: 赤 )",風,DF,8,120,91,53,57,53,53,56,59,55,33,ジャイアントスピン (B),スーパーアルマジロ,ごりむちゅう,スーパーしこふみ (B),ukegawa
18-3,うさみ,ウミヘビ島,ミニバトル,火,DF,,122,113,52,56,55,56,54,53,53,62,フェイクボール,ツナミブースト (L),モグラシャッフル,ホエールガード,usami
18-4,うしはら,ウミガメ島,"ブラジル
(ガチャ: 黄 )",林,GK,,122,101,48,51,54,51,60,58,53,36,ワイルドクロー,ホーントレイン (B),フルパワーシールド,ザ・ウォール (B),ushihara
18-5,うじま,クジャク島,ミニバトル,風,MF,,119,100,48,51,64,45,51,56,51,62,イリュージョンボール,あびせげり (C),スピニングカット (B),ぶんしんディフェンス,ujima
18-6,うしまど,コンドル島,"イタリア
(ガチャ: 赤 )",林,MF,,118,97,51,48,52,50,67,52,49,41,オーロラドリブル,たつまきせんぷう,メガネクラッシュ (C),ホーントレイン (B),ushimado
18-7,うすだ,コトアール,"コトアール
(ガチャ: 黄 )",風,MF,,121,109,54,51,49,48,47,53,56,81,ジャイアントスピン (B),うしろのしょうめん,スーパーアルマジロ,モグラフェイント,usuda
18-8,うだがわ,コトアール,"コトアール
(ガチャ: 青 )",山,MF,,122,99,56,65,56,53,53,61,56,25,グレネードショット,ダッシュアクセル,ダイナマイトシュート (C),ドこんじょうクラブ (L),udagawa
18-9,うただ,ヤマネコ島,"アルゼンチン
(ガチャ: 黄 )",山,MF,,120,120,56,57,48,44,48,56,57,62,どくぎりのじゅつ,ざんぞう,ぶんしんシュート (C),まぼろしドリブル,utada
18-10,うたば,北東京,ミニバトル,風,FW,5,102,127,48,52,56,51,60,56,52,48,スピニングシュート (C),クロスドライブ (C),ムーンサルト,ダブルサイクロン,utaba
19-1,うちざき,沖縄,"福岡 沖縄
(ガチャ: 赤 )",火,FW,,127,101,62,51,56,51,57,56,52,41,グレネードショット,イリュージョンボール,アイスグランド,ダブルグレネード (C),uchizaki
19-2,うづき,ウミヘビ島,"イギリス
(ガチャ: 黄 )",山,GK,,118,92,50,51,56,46,57,57,51,42,ねっけつパンチ,ねっけつヘッド,ばくれつパンチ,ボルケイノカット (B),uzuki
19-3,うどう,イギリス,"イギリス
(ガチャ: 黄 )",林,MF,,99,130,50,49,51,48,46,51,53,78,のろい,うしろのしょうめん,ジャッジスルー,フェイクボンバー,udou
19-4,うなぎ,コンドル島,"イタリア
(ガチャ: 赤 )",林,MF,,108,119,48,51,48,46,50,53,51,79,スネークショット (C),ジグザグスパーク,アイスグランド,フリーズショット,unagi
19-5,ウナギ,ウミガメ島,ミニバトル,風,MF,,119,95,57,56,51,53,51,56,52,53,モンキーターン,ヒートタックル,サイクロン,イグナイトスティール,unagi
19-6,うばがい,ブラジル,"ブラジル
(ガチャ: 黄 )",火,GK,,123,101,65,60,61,67,47,63,58,32,パワーシールド,ばくれつパンチ,つなみウォール,ドこんじょうバット (B),ubagai
19-7,うべ,愛媛,"愛媛
(ガチャ: 黄 )",山,MF,,118,93,49,63,51,51,51,51,49,45,スーパースキャン,アイアンウォール,デザートストーム,コロッセオガード,ube
19-8,うまじ,北東京,"稲妻商店街
(ガチャ: 黄レア )",林,MF,8,122,98,56,56,57,53,66,57,64,11,ざんぞう,ヒートタックル,ペガサスショット (C),サイクロン,umaji
19-9,うまみ,福岡,"福岡 沖縄
(ガチャ: 赤 )",山,DF,,91,132,62,65,63,58,48,60,60,32,ジャイアントスピン (B),ゴールずらし,モグラシャッフル,メガクェイク,umami
19-10,うみかわ,コトアール,"コトアール
(ガチャ: 青 )",火,FW,,114,101,61,51,51,57,53,57,62,33,グレネードショット,ラン・ボール・ラン,ヒートタックル,ドこんじょうバット (B),umikawa
20-1,うみさき,沖縄,"福岡 沖縄
(ガチャ: 黄 )",風,FW,,119,93,56,55,51,55,54,59,57,38,スピニングシュート (C),ツナミブースト (L),ディバインアロー,ムーンサルト,umisaki
20-2,うみはら,奈良,"愛媛
(ガチャ: 黄 )",風,FW,,123,86,60,50,44,56,62,53,44,58,スピニングシュート (C),イリュージョンボール,ひゃくれつショット (C),ホエールガード,umihara
20-3,うみみち,愛媛,ミニバトル,風,GK,,94,132,48,51,53,53,61,54,54,64,シュートポケット,しこふみ,スーパーしこふみ (B),ドこんじょうキャッチ,umimichi
20-4,うみわたり,福岡,"福岡
(ガチャ: 青 )",風,MF,,124,97,54,56,57,52,51,59,52,52,ムーンサルト,スティンガー,ダッシュストーム,ハーヴェスト,umiwatari
20-5,うめちゃん,南東京,Wi-Fi配信,火,FW,,104,122,54,51,53,55,51,56,54,62,がくしゅう,クルクルヘッド,オオウチワ,シューティングスター (B),umechan
20-6,うらかた,アルゼンチン,"アルゼンチン
(ガチャ: 赤 )",風,GK,,108,124,44,53,58,44,56,54,56,63,ねっけつパンチ,プレッシャーパンチ,ロケットこぶし,ばくれつパンチ,urakata
20-7,うらしま,ジャパン,"ジャパン
(ガチャ: 黄 )",林,MF,,92,123,60,58,55,58,40,62,54,25,なまける,たつまきどくぎり,かごめかごめ,じごくぐるま,urashima
20-8,うらた,ジャパン,"ジャパン
(ガチャ: 青 )",火,FW,,100,90,51,48,56,53,51,54,51,51,グレネードショット,たつまきせんぷう,ダブルグレネード (C),れっぷうダッシュ,urata
20-9,うらべ,ブラジル,"ブラジル
(ガチャ: 赤 )",林,DF,,110,86,52,55,46,48,50,56,51,68,おんりょう,どくぎりのじゅつ,くものいと,かげぬい,urabe
20-10,うりゅう,ウミヘビ島,"イギリス
(ガチャ: 赤 )",林,GK,,120,120,55,63,50,48,47,56,54,61,キラーブレード,シュートポケット,フェイクボール,デュアルストーム,uryuu
21-1,うんの,奈良,"関西 愛媛
(ガチャ: 黄 )",林,DF,,123,99,59,51,51,52,56,59,53,58,キラースライド,ボルケイノカット (B),ジャッジスルー,ジャッジスルー２,unno
21-2,エイ,福岡,"福岡 沖縄
(ガチャ: 黄 )",火,DF,,122,98,62,53,53,53,56,60,62,23,マジック,ヒートタックル,フレイムダンス,エコーボール,ei
21-3,えいゆう,コンドル島,"イタリア
(ガチャ: 黄 )",風,MF,,91,126,44,52,51,56,58,57,56,62,しっぷうダッシュ,スーパースキャン,スーパースキャン,イナズマ１ごう (B),eiyuu
21-4,えいようし,愛媛,"愛媛
(ガチャ: 赤 )",火,GK,,120,102,50,41,39,56,60,53,56,71,ねっけつパンチ,ロケットこぶし,プロファイルゾーン,ダブルロケット,eiyoushi
21-5,えきみち,コンドル島,"イタリア
(ガチャ: 青 )",山,FW,,122,93,46,55,58,50,57,54,56,62,スネークショット (C),ムーンサルト,スピニングカット (B),ドラゴングランド,ekimichi
21-6,エコ,北東京,"稲妻商店街
(ガチャ: 赤レア )",林,FW,8,120,96,51,56,57,54,51,56,52,53,ローリングキック (C),カンガルーキック,くものいと,ジ・アース,eko
21-7,えじま,沖縄,"福岡 沖縄
(ガチャ: 黄 )",風,MF,14,91,124,51,58,50,62,53,58,51,26,たまのりピエロ,イリュージョンボール,プロファイルゾーン,ブーストグライダー,ejima
21-8,エツオー,北東京,"稲妻商店街
(ガチャ: 青 )",風,DF,,121,100,60,54,53,57,40,57,55,43,うしろのしょうめん,スーパースキャン,ラン・ボール・ラン,ぶんしんディフェンス,etsuoー
21-9,えつま,アメリカ,"アメリカ
(ガチャ: 赤 )",林,GK,,135,94,47,54,57,53,56,58,53,48,パワーシールド,フレイムダンス,フルパワーシールド,ぶんしんブロック,etsuma
21-10,えのきど,ウミヘビ島,"イギリス
(ガチャ: 黄 )",山,DF,,120,101,53,57,53,62,52,56,53,37,ジャイアントスピン,アースクェイク,しこふみ,モグラフェイント,enokido
22-1,えのもと,南東京,ミニバトル,林,DF,5,118,113,46,53,56,57,60,51,57,61,ダッシュアクセル,ドッペルゲンガー,ハーヴェスト,デュアルパス,enomoto
22-2,エバ,愛媛,Wi-Fi通信,風,GK,,94,131,60,51,48,51,51,51,52,40,パワーシールド,スノーエンジェル,セーフティプロテクト,デュアルスマッシュ,eba
22-3,えばた,愛媛,"関西 愛媛
(ガチャ: 黄 )",山,FW,,117,97,56,56,53,51,56,56,57,39,つちだるま (C),ドラゴンクラッシュ (C),ごりむちゅう,ツインブースト,ebata
22-4,エビ,沖縄,"福岡 沖縄
(ガチャ: 赤 )",林,GK,14,115,97,48,54,60,47,51,51,56,62,スワンダイブ,ロケットこぶし,かげぬい,グレートバリアリーフ,ebi
22-5,えひめ,アメリカ,"アメリカ
(ガチャ: 黄 )",火,MF,,120,110,52,57,51,57,57,53,56,26,フーセンガム,フレイムダンス,シャインドライブ,ぶんしんフェイント,ehime
22-6,エビリーナ,福岡,"福岡 沖縄
(ガチャ: 黄 )",林,MF,,108,92,47,53,59,49,51,53,51,77,おいろけUP!,サイクロン,まぼろしドリブル,プリマドンナ,ebiriーna
22-7,えもと,北東京,"稲妻商店街
(ガチャ: 青 )",風,MF,,132,102,49,56,54,53,67,54,55,22,おんりょう,ジグザグスパーク,ブレードアタック,かげぬい,emoto
22-8,えりさ,アルゼンチン,"アルゼンチン
(ガチャ: 赤 )",林,DF,,102,122,49,51,59,50,54,54,57,41,あびせげり (C),クンフーアタック (B),グランドクェイク (B),ぶんしんディフェンス,erisa
22-9,エルザ,アメリカ,"アメリカ
(ガチャ: 赤レア )",林,FW,,98,122,60,63,62,60,48,60,61,12,おいろけＵＰ！,トカチェフボンバー (C),ツインブースト,グッドスメル,eruza
22-10,えんどう,-,ストーリー,山,GK,1,125,135,53,53,49,80,52,69,79,22,せいぎのてっけん G2,いかりのてっつい,イジゲン･ザ･ハンド,ゴッドキャッチ,endou
23-2,おいし,福岡市街,ミニバトル,山,FW,5,125,99,65,60,57,42,61,55,62,11,ファイアトルネード (C),ドラゴンキャノン (B),ムーンサルト,ボディシールド,oishi
23-3,おいずみ,ウミガメ島,"ブラジル
(ガチャ: 黄 )",林,DF,,91,131,59,51,56,51,55,56,51,62,ドッペルゲンガー,マジック,かげぬい,とうめいフェイント,oizumi
23-4,おうえん,大阪,ミニバトル,山,MF,,122,93,49,53,54,55,66,52,51,60,ごりむちゅう,ウルトラムーン,ダッシュストーム,ハーヴェスト,ouen
23-5,おうき,ウミガメ島,ミニバトル,山,MF,,142,74,82,72,34,42,53,61,53,28,キラースライド,オオウチワ,たつまきせんぷう,ガニメデプロトン,ouki
23-6,おうぎや,ブラジル,"ブラジル
(ガチャ: 黄 )",風,DF,,105,128,57,51,51,56,51,51,56,52,オオウチワ,バックトルネード (B),たつまきせんぷう,サイクロン,ougiya
23-7,おうせい,大阪,ミニバトル,林,FW,,124,95,60,53,56,56,57,53,55,19,ジャンピングサンダー,イリュージョンボール,ネバーギブアップ,りゅうせいブレード (B),ousei
23-8,おうだ,アルゼンチン,"アルゼンチン
(ガチャ: 赤 )",林,MF,,102,118,51,56,60,61,65,65,58,22,キラースライド,ジャッジスルー,ジャッジスルー２,デュアルストーム,ouda
23-9,おおいがわ,沖縄,ミニバトル,山,GK,,99,119,51,55,54,55,56,56,51,54,タフネスブロック,パワーシールド,オーロラカーテン,レインボーループ,ooigawa
23-10,おおいし,アメリカ,"アメリカ
(ガチャ: 青 )",林,MF,,120,105,51,56,48,48,49,54,57,53,のろい,ホーントレイン (B),スーパーしこふみ (B),モグラフェイント,ooishi
24-1,おおいた,北東京,"稲妻商店街
(ガチャ: 青 )",風,FW,,92,126,66,55,57,51,51,56,52,24,グレネードショット,ひとりワンツー,ダブルグレネード (C),サイクロン,ooita
24-2,おおえど,大阪,Wi-Fi配信,山,GK,,155,85,58,67,48,51,41,51,66,61,しこふみ,スーパーしこふみ (B),だいばくはつはりて,ミリオンハンズ,ooedo
24-3,おおおか,ウミヘビ島,ミニバトル,林,MF,,102,119,57,56,51,51,55,57,53,51,ごりむちゅう,ジャッジスルー,かげぬい,せいぎのてっけん,oooka
24-4,おおがき,ウミヘビ島,ミニバトル,林,FW,,110,100,56,56,52,53,56,52,57,44,ヘルファイア,クイックドロウ,ファントムシュート (C),イリュージョンボール,oogaki
24-5,オオカミ,パスワード,"イギリス
(ガチャ: 青 )",火,GK,,126,102,48,51,40,57,63,60,51,57,ビーストファング,ワイルドクロー,ウルフレジェンド,ウェルカムバック,ookami
24-6,おおぎもり,セントラル,ミニバトル,火,FW,,133,109,62,56,56,49,57,48,62,20,キラースライド,グレートバリアリーフ,ツナミブースト (L),ひゃくれつショット (C),oogimori
24-7,おおくぼ,イギリス,"イギリス
(ガチャ: 青 )",林,GK,,118,94,56,53,54,53,53,57,52,43,キラーブレード,こがらし,つむじ,ダブルサイクロン,ookubo
24-8,おおさか,北東京,"稲妻商店街
(ガチャ: 赤 )",風,FW,8,99,124,48,55,60,45,52,52,53,66,スーパーアルマジロ,つうてんかくシュート (C),クンフーヘッド,トカチェフボンバー (C),oosaka
24-9,おおさき,セントラル,ミニバトル,火,GK,,135,92,47,55,51,56,61,59,57,35,ねっけつパンチ,ホーントレイン (B),フルパワーシールド,カポエィラスナッチ,oosaki
24-10,おおしか,コンドル島,"イタリア
(ガチャ: 赤 )",山,GK,,119,98,63,57,57,56,56,56,53,25,しこふみ,スワンダイブ,だいばくはつはりて,ドこんじょうキャッチ,ooshika
25-1,おおだか,コンドル島,"イタリア
(ガチャ: 青 )",風,FW,18,126,101,52,56,44,58,54,60,53,34,クルクルヘッド (C),イーグルバスター (L),かげぬい,シャインドライブ,oodaka
25-2,おおだこ,大阪,"関西 愛媛
(ガチャ: 青 )",林,GK,,94,116,45,53,51,53,60,54,56,60,プレッシャーパンチ,コンドルダイブ,ねっけつヘッド,フルパワーシールド,oodako
25-3,おおたに,（パスワード）,"稲妻商店街
(ガチャ: 赤 )",林,MF,8,108,142,64,62,72,63,54,47,42,27,おいろけUP!,ラッキー!,リカバリー,みんなイケイケ！ (Lv50),ootani
25-4,おおたみ,アメリカ,"アメリカ
(ガチャ: 赤 )",林,MF,,124,95,40,40,54,42,63,56,54,62,ライトニングアクセル,メテオアタック,シューティングスター (B),じばしりかえん,ootami
25-5,おおつき,北海道,"北海道
(ガチャ: 青 )",林,DF,,121,97,44,52,54,51,62,60,51,42,うしろのしょうめん,フーセンガム,つむじ,カマイタチ,ootsuki
25-6,おおにわ,北東京,"稲妻商店街
(ガチャ: 黄 )",林,FW,,91,118,51,57,46,59,56,62,51,28,ターザンキック,ドラゴンクラッシュ (C),スーパーしこふみ (B),ジャイアントスピン (B),ooniwa
25-7,おおね,アルゼチン,"アルゼンチン
(ガチャ: 青 )",山,DF,,117,100,60,62,53,65,51,56,53,34,ホーントレイン (B),プロファイルゾーン,ダッシュストーム,ドラゴンキャノン (B),oone
25-8,おおば,北海道,"北海道
(ガチャ: 青 )",山,DF,,122,101,44,53,57,57,57,56,53,61,ブレードアタック,たつまきせんぷう,スピニングカット (B),サイクロン,ooba
25-9,おおばやし,コンドル島,"イタリア
(ガチャ: 青 )",山,MF,,120,92,62,56,51,54,51,57,57,38,しこふみ,マッドエクスプレス,スーパーアルマジロ,ザ・ウォール (B),oobayashi
25-10,おおひさ,南東京,"大江戸国際空港
(ガチャ: 赤 )",風,GK,,126,93,54,57,48,60,51,56,52,62,スワンダイブ,こがらし,つむじ,セーフティプロテクト,oohisa
26-1,オープン,京都,ミニバトル,山,DF,,98,133,51,49,49,48,42,39,51,73,クイックドロウ,ワープドライブ,まぼろしドリブル,エコーボール,oーpun
26-2,おおまさ,コンドル島,"イタリア
(ガチャ: 赤 )",林,MF,,127,93,46,57,56,53,60,62,51,40,ターザンキック (C),ひゃくれつショット (C),うしろのしょうめん,ダイナマイトシュート (C),oomasa
26-3,おおみち,ウミヘビ島,"イギリス
(ガチャ: 黄 )",林,GK,,120,92,56,51,50,46,45,57,54,67,ゆがむくうかん,イリュージョンボール,かえんほうしゃ,ワームホール,oomichi
26-4,おおや,愛媛,"愛媛
(ガチャ: 青 )",火,FW,,123,97,52,61,46,59,54,58,56,25,グレネードショット,つちだるま (C),ジャッジスルー,アサルトシュート (C),ooya
26-5,オール,北海道,"北海道
(ガチャ: 黄 )",風,GK,,108,118,55,55,56,63,53,51,51,49,トルネードキャッチ,ストームライダー,ビッグスパイダー,おんりょう,oーru
26-6,おおわき,北東京,"稲妻商店街
(ガチャ: 青 )",林,DF,8,120,105,62,58,62,57,59,56,57,38,たまのりピエロ,クイックドロウ,くものいと,ローリングスライド,oowaki
26-7,おおわだ,北東京,"稲妻商店街
(ガチャ: 黄 )",火,DF,8,90,128,51,53,56,56,59,55,51,28,ホーントレイン (B),ごりむちゅう,れっぷうダッシュ,マッドエクスプレス,oowada
26-8,おがさわら,ブラジル,"ブラジル
(ガチャ: 赤 )",山,DF,,122,92,51,45,45,56,62,56,52,64,ドッペルゲンガー,フーセンガム,くものいと,れっぷうダッシュ,ogasawara
26-9,おかだ,ブラジル,"ブラジル
(ガチャ: 黄 )",火,MF,,120,86,51,53,46,44,47,54,57,62,ひとりワンツー,コイルターン,れっぷうダッシュ,かげぬい,okada
26-10,おかの,ウミガメ島,"ブラジル
(ガチャ: 黄 )",山,FW,,103,118,55,52,56,56,53,56,56,50,クルクルヘッド (C),ダイナマイトシュート (C),モグラフェイント,ダブルグレネード (C),okano
27-1,おがみ,南東京,"大江戸国際空港
(ガチャ: 赤 )",風,GK,8,120,109,41,38,36,41,42,39,39,144,タフネスブロック,スーパーしこふみ (B),セーフティプロテクト,パワーチャージ,ogami
27-2,おかむろ,南東京,ミニバトル,風,FW,5,116,100,53,51,50,58,60,56,60,34,リカバリー,ドこんじょうバット (B),トカチェフボンバー (C),ダッシュストーム,okamuro
27-3,おかやま,北東京,"稲妻商店街
(ガチャ: 赤 )",林,DF,8,137,95,62,57,55,57,46,58,51,39,アースクェイク,ごりむちゅう,ターザンキック (C),ドッグラン,okayama
27-4,おがわ,クジャク島,ミニバトル,風,FW,5,94,116,59,51,52,51,53,62,53,28,スピニングシュート (C),ムーンサルト,ダイナマイトシュート (C),ホークショット (B),ogawa
27-5,おぎ,北東京,"稲妻商店街
(ガチャ: 青 )",山,DF,8,119,96,50,53,56,45,53,53,57,64,クイックドロウ,フェイクボンバー,ヒートタックル,ジグザグフレイム,ogi
27-6,おきた,アルゼンチン,"アルゼンチン
(ガチャ: 青 )",山,MF,,120,97,56,57,53,53,55,51,57,41,セツヤク！,くものいと,さばきのてっつい (B),サザンクロスカット,okita
27-7,おきちゃん,セントラル,"ジャパン
(ガチャ: 赤 )",風,MF,,84,129,46,44,52,48,60,51,51,58,かみかくし (C),ブレードアタック,まぼろしドリブル,ノーザンインパクト (C),okichan
27-8,おきなわ,コトアール,ミニバトル,風,DF,,120,92,47,39,39,52,58,57,56,77,ごりむちゅう,スピニングカット (B),ボルケイノカット (B),たつまきどくぎり,okinawa
27-9,おぎの,イギリス,"イギリス
(ガチャ: 黄 )",風,DF,,124,105,60,62,65,59,46,63,59,34,ブレードアタック,アイスグランド,オーロラドリブル,ダブルサイクロン,ogino
27-10,おくいずみ,アメリカ,"アメリカ
(ガチャ: 青 )",林,DF,,124,95,51,56,51,54,56,51,55,62,おんりょう,くものいと,フーセンガム,ボルケイノカット (B),okuizumi
28-1,おくみや,京都,ミニバトル,火,DF,,116,110,58,65,56,63,59,57,60,35,ブレードアタック,メガトンヘッド (B),ダブルサイクロン,モグラシャッフル,okumiya
28-2,おくむら,ブラジル,"ブラジル
(ガチャ: 青 )",山,FW,,94,126,51,62,51,60,57,51,56,23,スネークショット (C),クンフーヘッド,グレイブストーン,モグラシャッフル,okumura
28-3,おぐら,ヤマネコ島,"アルゼンチン
(ガチャ: 黄 )",山,FW,,120,110,53,62,56,61,57,57,54,24,かみかくし (C),たつまきせんぷう,コイルターン,ドこんじょうクラブ (L),ogura
28-4,おけたに,沖縄,"福岡 沖縄
(ガチャ: 黄 )",火,DF,,105,122,56,65,56,60,60,58,57,35,フェイクボール,ボルケイノカット (B),ダブルサイクロン,アルマジロサーカス,oketani
28-5,おさかべ,ブラジル,"ブラジル
(ガチャ: 赤 )",火,FW,,120,101,56,56,57,57,51,56,52,51,しこふみ,のろい,ストーンプリズン,セキュリティショット,osakabe
28-6,おしい,ウミヘビ島,"イギリス
(ガチャ: 青 )
(ガチャ: 青 )",山,FW,,133,106,55,60,53,59,54,53,57,33,リカバリー,スネークショット (C),つちだるま (C),スーパーアルマジロ,oshii
28-7,おしお,ヤマネコ島,"アルゼンチン
(ガチャ: 赤 )",火,FW,,111,90,54,53,47,51,51,56,54,63,フリーズショット,カンガルーキック,コンドルダイブ (C),シャインドライブ,oshio
28-8,おそれやま,大阪,"関西 愛媛
(ガチャ: 青 )",風,DF,,93,124,48,38,36,53,57,53,56,84,おんりょう,のろい,さばきのてっつい (B),たつまきどくぎり,osoreyama
28-9,おだ,沖縄,"福岡 沖縄
(ガチャ: 青 )",火,MF,,130,96,59,52,51,52,56,54,54,61,ムーンサルト,かげぬい,ぶんしんフェイント,シューティングスター (B),oda
28-10,おでいし,ウミヘビ島,ミニバトル,山,FW,,124,117,53,56,56,62,51,57,53,23,あびせげり (C),ブレードアタック,ボルケイノカット (B),じごくぐるま,odeishi
29-1,おとした,,"大江戸国際空港
(ガチャ: 青レア )",山,FW,8,110,92,56,51,53,54,56,52,57,56,つちだるま (C),ファイアトルネード (C),バックトルネード (B),ドラゴングランド,otoshita
29-2,おとながい,パスワード,"商店街
(ガチャ: 赤 )",火,MF,,125,100,47,64,65,69,60,57,65,3,プロファイルゾーン,ビッグカード,カードバスター,ボディシールド,otonagai
29-3,おとなし,,とくしゅ,風,MF,,128,128,48,54,69,60,69,51,58,21,ラッキー！,イリュージョンボール,キラーフィールズ,デスゾーン２,otonashi
29-4,おぬき,ヤマネコ島,"アルゼンチン
(ガチャ: 黄 )",風,MF,,130,92,50,53,50,51,51,65,53,61,ざんぞう,まぼろしドリブル,おんりょう,かげぬい,onuki
29-5,おのだ,コンドル島,"イタリア
(ガチャ: 赤 )",風,FW,,130,100,57,67,56,52,56,66,55,15,リカバリー,フリーズショット,ダッシュストーム,ばくれつパンチ,onoda
29-6,おばた,セントラル,"ジャパン
(ガチャ: 青 )",風,GK,,120,86,51,57,44,46,48,51,53,59,トルネードキャッチ,つむじ,ドラゴンクラッシュ (C),ドラゴンキャノン (B),obata
29-7,おぺら,ジャパン,人脈システム,山,FW,,75,137,39,41,40,41,41,39,39,136,クロスドライブ (C),すいせいシュート (L),エコーボール,レインボーループ (L),opera
29-8,おりた,ジャパン,"ジャパン
(ガチャ: 黄レア )",風,FW,,126,102,44,51,55,55,62,58,57,62,サイコショット,マジック,おんりょう,まぼろしドリブル,orita
29-9,おりの,コトアール,ミニバトル,林,DF,,120,92,55,56,51,56,53,51,56,45,のろい,ゆがむくうかん,シュートポケット,たつまきどくぎり,orino
29-10,おんだ,コンドル島,"イタリア
(ガチャ: 青 )",林,DF,,110,95,56,58,50,61,54,57,57,25,ドッペルゲンガー,くものいと,さばきのてっつい (B),ボディシールド,onda
