page_order,name_ja,zone_name,obtention_desc,attri,positi,lv,GP,TP,kick,body,control,guard,speed,stamina,guts,freedom,h1,h2,h3,h4,name_romanji,body_type,full_ja,kanji_ja,name_en,full_en,id
102-1,ナイト,ウミガメ島,人脈システム,火,FW,,106,106,82,65,56,36,52,53,66,28,ドこんじょうバット (B),パワーチャージ,パラディンストライク (C),さばきのてっつい (B),naito,4,よろいもり のり,鎧守 騎,Chevalier,Galahad Chevalier,989
102-2,ないる,ブラジル,ミニバトル,火,FW,,98,126,56,58,58,58,62,57,61,0,クンフーアタック (B),シャインドライブ,ローリングスライド,モグラシャッフル,nairu,,ますたに ないる,増谷 乃流,Tatter,Sable Tatter,990
102-3,なえみ,,とくしゅ（オーガ）,風,DF,,103,120,53,53,56,56,55,53,53,30,グッドスメル,プロファイルゾーン,まぼろしドリブル,セキュリティショット,naemi,1,しま なえみ,志磨 奈恵美,Cagney,Lacy Cagney,991
102-4,なおみ,アメリカ,ミニバトル,火,FW,5,95,133,52,57,51,55,57,51,56,42,ぞくせいきょうか,ローリングスライド,ドこんじょうクラブ (L),オオウチワ (LV52),naomi,,あいやま なおみ,相山 尚美,Fairway,Farrah Fairway,992
102-5,なか,愛媛,ミニバトル,風,DF,,120,101,48,40,36,57,63,51,51,67,ホーントレイン (B),みんなイケイケ！,フレイムダンス,ハリケーンアロー,naka,,なか よしひと,仲 義人,Winker,Sly Winker,993
102-6,ながい,クジャク島,ミニバトル,風,DF,5,137,118,47,37,43,55,60,56,56,55,クイックドロウ,トルネードキャッチ,くものいと,ワームホール,nagai,,ながい てるお,永井 照生,Spinner,Vin Spinner,994
102-7,なかいずみ,北東京,"稲妻商店街
(ガチャ: 黄 )",山,FW,,120,92,56,56,57,53,53,54,52,44,ごりむちゅう,クルクルヘッド (C),ドこんじょうバット (B),ドこんじょうクラブ (L),nakaizumi,,なかいずみ ゆう,仲泉 遊,Ettow,Jebb Ettow,995
102-8,なかお,ウミヘビ島,"イギリス
(ガチャ: 青 )",風,GK,,133,98,50,51,52,51,57,60,52,38,パワーシールド,ブラックホール,ドッグラン,オーロラカーテン,nakao,,なかお まさあき,中尾 祇晶,Primm,Justin Primm,996
102-9,ながおさ,アルゼンチン,"アルゼンチン
(ガチャ: 青レア )",風,GK,,121,97,50,65,57,51,59,57,53,33,スワンダイブ,こがらし,フレイムダンス,かえんほうしゃ,nagaosa,,ながおさ せんり,永長 千里,Liner,Ewan Liner,997
102-10,ながくら,アメリカ,"アメリカ
(ガチャ: 青 )",風,DF,,118,91,53,56,56,57,51,53,54,53,スピニングシュート (C),コイルターン,アイスグランド,ブーストグライダー,nagakura,,ながくら ゆう,長倉 悠,Tandem,Wright Tandem,998
103-1,ながさか,クジャク島,"アメリカ
(ガチャ: 青 )",火,DF,,104,119,50,60,64,60,56,54,51,25,ひとりワンツー,ドッペルゲンガー,エッフェルドライブ (C),サイクロン,nagasaka,,ながさか あきひと,長坂 彰人,Punch,Fred Punch,999
103-2,ながさき,北東京,"稲妻商店街
(ガチャ: 黄 )",山,GK,,117,95,56,55,53,51,57,53,52,53,スーパーしこふみ (B),ワイルドクロー,ホエールガード,カウンターストライク,nagasaki,4,ながさき きいち,長崎 紀一,Castella,Dan Castella,1000
103-3,なかさと,奈良,ミニバトル,山,DF,,91,122,57,63,54,62,59,65,59,34,かみかくし (C),ブレードアタック,ふうじんのまい,さばきのてっつい (B),nakasato,,なかさと たか,中里 貴,Morcey,Leon Morcey,1001
103-4,なかしま,セントラル,"ジャパン
(ガチャ: 青 )",林,DF,,94,122,45,55,54,56,67,53,57,36,おんりょう,どくぎりのじゅつ,ごりむちゅう,ヘブンズタイム,nakashima,,なかしま ふみとし,中島 史寿,Cage,Junior Cage,1002
103-5,なかぞの,北東京,"商店街
(ガチャ: 赤 )",風,MF,,120,90,38,47,56,39,46,46,48,105,ローリングスライド,ごりむちゅう,フーセンガム,ドこんじょうバット (B),nakazono,,なかぞの やすふみ,中園 康文,Outon,Doug Outon,1003
103-6,ながた,クジャク,"アメリカ
(ガチャ: 黄 )",風,MF,,120,108,60,58,58,58,60,58,58,12,セツヤク！,マジック,ジグザグスパーク,セキュリティショット,nagata,,ながた おさむ,永田 修,Driver,Grew Driver,1004
103-7,なかだて,北東京,ミニバトル,林,FW,5,121,98,46,49,52,51,47,52,49,79,スピニングシュート (C),セツヤク！,どくぎりのじゅつ,スリングショット,nakadate,,なかだて ヒロ,中館 ヒロ,Stretcher,Bob Stretcher,1005
103-8,なかたに,奈良,人脈システム,林,FW,5,102,134,53,57,53,51,56,48,51,63,あびせげり 真(C),リフレクトバスター,ライトニングアクセル,ガイアブレイク,nakatani,,なかたに まさし,中谷 真之,Conwell,Eugene Conwell,1006
103-9,ながつき,北東京,"稲妻商店街
(ガチャ: 赤レア )",火,GK,8,118,91,48,49,50,48,66,49,48,73,ねっけつパンチ,ばくれつパンチ,スーパースキャン,キラースライド,nagatsuki,,ながつき きゅう,長月 九,Catching,Robin Catching,1007
103-10,なかつじ,セントラル,ミニバトル,林,DF,,91,128,61,62,56,66,60,65,56,7,くものいと,かげぬい,ぶんしんフェイント,ヘブンズタイム (LV58),nakatsuji,,なかつじ のりもと,仲辻 紀元,Trope,Walter Trope,1008
104-1,なかと,ウミガメ島,"ブラジル
(ガチャ: 黄 )",風,DF,,106,121,46,50,50,51,57,57,52,66,ドッペルゲンガー,フーセンガム,ザ・タイフーン,フェイクボンバー,nakato,,なかと くにぞう,中登 邦三,McClure,Bert McClure,1009
104-2,ながと,アルゼンチン,"アルゼンチン
(ガチャ: 黄レア )",林,FW,,130,95,60,51,54,62,42,65,57,22,スーパースキャン,スーパースキャン,メガネクラッシュ (C),アルマジロサーカス,nagato,,ながと つかさ,長門 司,Heading,Eggbert Heading,1010
104-3,なかね,コトアール,"コトアール
(ガチャ: 黄 )",火,FW,,94,128,59,56,56,58,47,57,53,25,あびせげり (C),コンドルダイブ (C),アイスグランド,ジ・イカロス,nakane,,なかね ふくみ,仲根 吹美,Bronski,Hilda Bronski,1011
104-4,ながの,コンドル島,"イタリア
(ガチャ: 赤 )",山,FW,,127,101,59,57,53,60,36,56,53,60,しこふみ,Ｕ・ボート,アストロブレイク,クンフーアタック (B),nagano,4,ながの こうへい,永野 幸平,Freeby,Rob Freeby,1012
104-5,なかはら,ウミガメ島,"ブラジル
(ガチャ: 黄 )",火,FW,,93,125,52,56,47,47,51,53,53,68,さばきのてっつい (B),ジグザグスパーク,バックトルネード (B),れっぷうダッシュ,nakahara,,なかはら ひさし,中原 寿司,Frogge,Tony Frogge,1013
104-6,なかやま,イギリス,"イギリス
(ガチャ: 赤レア )",林,DF,,106,113,47,53,67,50,53,54,51,59,アストロブレイク,うしろのしょうめん,プラネットシールド,ドこんじょうキャッチ,nakayama,,なかやま りつ,中山 律,Ling,Bo Ling,1014
104-7,ながら,北東京,"稲妻商店街
(ガチャ: 黄 )",火,DF,,121,90,51,48,51,54,49,65,48,68,のろい,ダッシュアクセル,つうてんかくシュート,せんぷうじん,nagara,,ながら じゅんじ,長等 準次,Tasker,Monty Tasker,1015
104-8,ながる,北東京,"稲妻商店街
(ガチャ: 黄 )",山,MF,,126,92,57,60,45,56,54,56,51,61,しこふみ,スーパーアルマジロ,ダイナマイトシュート (C),ホエールガード,nagaru,4,みずた ながる,水田 流,Geyser,Walter Geyser,1016
104-9,ながれ,北東京,"稲妻商店街
(ガチャ: 赤 )",風,DF,8,103,118,57,57,53,53,52,52,56,45,しっぷうダッシュ,れっぷうダッシュ,クロスドライブ (C),サイクロン,nagare,,ながれ しゅういち,流 周一,O'Mania,Ronny O'Mania,1017
104-10,なぎなた,ブラジル,"ブラジル
(ガチャ: 青 )",林,GK,,127,101,57,57,55,56,42,57,53,63,キラーブレード,くものいと,フーセンガム,ビッグスパイダー,naginata,,なぎなた むつと,長刀 睦人,Halberd,Hank Halberd,1018
105-1,なくら,イギリス,ミニバトル,山,GK,,121,107,61,56,61,60,59,61,60,34,イカサマ！,グレートバリアリーフ,さばきのてっつい (B),デュアルスマッシュ,nakura,,なくら としお,名倉 俊夫,Worth,Thomas Worth,1019
105-2,なげわ,アメリカ,Wi-Fi,山,MF,,114,106,58,61,53,54,56,54,53,27,ウェルカムバック,スネークショット (C),ドラゴングランド,フェイクボンバー,nagewa,,なげわ からむ,投輪 絡,Lasso,Chuckie Roper,1020
105-3,なじま,ウミヘビ島,ミニバトル,山,FW,,118,95,54,53,53,51,55,57,56,44,セツヤク！,ファントムシュート (C),つうてんかくシュート (C),ぶんしんディフェンス,najima,,なじま ちから,名島 税,Pincher,Perry Pincher,1021
105-4,なたに,セントラル,人脈システム,林,GK,,118,102,65,66,56,54,57,56,56,11,ドこんじょうバット (B),ちゃぶだいがえし,ゴッドハンド,ダブルロケット,natani,3,なたに もとおき,那谷 元起,Zurka,Bear Zurka,1022
105-5,なつか,北東京,"稲妻商店街
(ガチャ: 赤 )",山,FW,8,93,124,62,53,51,53,60,53,50,32,あいきどう,スピニングシュート (C),ローリングキック (C),くものいと,natsuka,,なつか まきと,長束 牧人,Bick,Xenophon Bick,1023
105-6,ナッキー,シカ公園,"関西 愛媛
(ガチャ: 青 )",林,FW,,94,129,57,59,57,62,51,51,54,21,おいろけUP!,フリーズショット,プリマドンナ,ペガサスショット (C),nakkiー,,にいかわ なつき,新川 夏姫,Summars,Flora Summars,1024
105-7,ナッシー,北東京,"商店街
(ガチャ: 黄 )",林,MF,,120,97,59,53,53,60,48,62,56,25,サイコショット,スーパースキャン,うしろのしょうめん,トライアングルＺ,nasshiー,,ふなしま ひろみち,船島 紘通,Personator,Tim Personator,1025
105-8,なっちゃん,アメリカ,"アメリカ
(ガチャ: 黄 )",山,MF,,98,128,50,54,60,53,52,53,51,40,クルクルヘッド (C),ひとりワンツー,ニニンサンキャク,リボンシャワー (LV46),nacchan,,はまなつ たかえ,浜夏 天衣,Evenson,Betty Evenson,1026
105-9,なつみ,-,とくしゅ,火,FW,,118,131,68,64,65,52,44,49,62,21,おいろけＵＰ！,ローズスプラッシュ (C),マタドールフェイント,ジ・アース,natsumi,,らいもん なつみ,雷門 夏未,Nelly,Nelly Raimon,1027
105-10,なないろ,アメリカ,ミニバトル,山,FW,5,120,110,56,51,47,47,44,54,52,82,ローリングキック (C),レインボーループ (L),シューティングスター (B),エコーボール (LV56),nanairo,,なないろ せいじ,七色 声司,Trioquist,Vinny Trioquist,1028
106-1,ななせ,アルゼンチン,"アルゼンチン
(ガチャ: 黄 )",林,MF,,99,133,47,48,48,50,44,45,45,98,スーパーしこふみ (B),ターザンキック (C),ちょうわざ！,リフレクトバスター,nanase,3,ななせ しょうじ,七瀬 昭治,Price,Kurt Price,1029
106-2,ななほし,ブラジル,"ブラジル
(ガチャ: 赤 )",山,GK,,102,119,46,54,56,56,60,53,53,63,スワンダイブ,ねっけつヘッド,ジ・イカロス,カウンターストライク,nanahoshi,,ななほし てんと,奈々星 典斗,Branch,Brendan Branch,1030
106-3,ナノ,イギリス,ミニバトル,火,DF,5,125,105,57,60,57,58,60,58,56,26,イケメンUP!,ボルケイノカット (B),オーロラドリブル,ブロックサーカス (LV54),nano,,なの つねのり,菜乃 常則,LeGume,Pete LeGume,1031
106-4,なべ,北東京,"稲妻商店街
(ガチャ: 青レア )",火,GK,8,111,97,53,51,57,53,57,56,54,50,ねっけつヘッド,ロケットこぶし,ボルケイノカット (B),ダブルロケット,nabe,,なべやま うみと,鍋山 海人,Helmsley,Stu Helmsley,1032
106-5,ナベマン,セントラル,"ジャパン
(ガチャ: 赤 )",風,DF,,92,134,57,56,45,53,44,51,50,77,ひとりワンツー,ファイアトルネード (C),ならくおとし,イナズマ1ごう (B),nabeman,,ささむた しょうへい,西寒田 聖平,Marmite,Stu Potter,1033
106-6,ナマズ,ブラジル,Wi-Fi,林,DF,,126,103,60,60,60,61,67,60,60,11,ストーンプリズン,ダッシュアクセル,フローズンスティール,リフレクトバスター,namazu,1,たがや なまず,多賀谷 鯰,Fischer,Kit Fischer,1034
106-7,なみえ,コンドル島,"イタリア
(ガチャ: 青 )",山,GK,,102,128,51,55,52,51,56,54,52,45,スワンダイブ,ワイルドクロー,クリティカル！,ミリオンハンズ,namie,4,たけのうち なみえ,竹之内 波恵,Choker,Gertrude Choker,1035
106-8,なみのり,ブラジル,ミニバトル,山,DF,,101,126,54,56,60,62,62,60,62,32,ブレードアタック,ごりむちゅう,ザ・タイフーン,ツナミブースト (L),naminori,,なみ のりすけ,波 乗輔,Breaker,Ace Breaker,1036
106-9,なみむら,北海道,"北海道
(ガチャ: 赤 )",山,DF,,138,93,60,54,51,62,39,56,57,59,ホーントレイン (B),イリュージョンボール,アルマジロサーカス,くものいと,namimura,,なみむら ゆたか,波村 豊,Hope,Sandy Hope,1037
106-10,なや,アメリカ,"アメリカ
(ガチャ: 青 )",林,GK,,135,91,51,58,45,62,51,56,55,60,ネバーギブアップ,ゆがむくうかん,くものいと,ビッグスパイダー,naya,,なや ねばる,納屋 粘,Fast,Ted Fast,1038
107-1,なゆ,福岡,Wi-Fi配信,林,DF,,103,129,58,65,56,64,60,59,62,3,セツヤク！,うしろのしょうめん,オオウチワ,かごめかごめ,nayu,,せいざん なゆ,聖山 七夕,Pilgreen,Becca Pilgreen,1039
107-2,なら,ヤマネコ島,人脈,山,DF,,91,124,60,66,55,64,56,66,59,15,キラースライド,ザ・ウォール (B),ロードローラタックル (B),メガクェイク,nara,4,なら せいご,奈良 清吾,Lowe,Mel Lowe,1040
107-3,なりた,ジャパン,ミニバトル,風,MF,5,118,97,53,53,51,53,55,51,53,56,ラッキー!,ホークショット (B),デザートストーム,ブーストグライダー (LV58),narita,,なりた さとし,成田 覚,Rower,Heath Rower,1041
107-4,なるたき,ウミヘビ島,"イギリス
(ガチャ: 黄 )",風,DF,,102,120,52,47,50,49,48,46,51,83,コイルターン,リカバリー,アストロブレイク,グラビテイション (B),narutaki,,なるたき はるひこ,鳴滝 晴彦,Cover,Heath Cover,1042
107-5,なると,クジャク島,"アメリカ
(ガチャ: 赤 )",山,GK,,118,98,50,56,56,51,58,58,53,33,ねっけつパンチ,コイルターン,ドこんじょうキャッチ,ハリケーンアロー,naruto,1,なると うしお,鳴門 潮,Wister,Albert Wister,1043
107-6,なるみ,コンドル島,"イタリア
(ガチャ: 赤 )",山,DF,,121,91,60,53,57,53,51,59,56,22,キラースライド,ジャッジスルー２,パワーチャージ,ジャッジスルー３,narumi,,なるみ のぶゆき,鳴海 伸行,Mittus,Tim Mittus,1044
107-7,なわて,愛媛,"関西 愛媛
(ガチャ: 黄 )",林,DF,,118,97,48,36,38,57,62,55,53,66,キラースライド,ざんぞう,くものいと,シュートラップ,nawate,,なわて まんさく,縄手 万作,Chopper,Scot Chopper,1045
107-8,なんじょう,アメリカ,Wi-Fi配信,林,GK,,121,101,56,56,54,63,55,53,56,22,ねっけつパンチ,カマイタチ,キラースライド,ブーストグライダー,nanjou,,なんじょう ふさと,南条 房斗,Bleriot,Tiger Bleriot,1046
107-9,なんの,ヤマネコ島,"アルゼンチン
(ガチャ: 黄 )",林,GK,,94,116,47,56,54,54,57,53,51,61,キラーブレード,カポエィラスナッチ,フルパワーシールド,ボルケイノカット (B),nanno,,なんの しょうた,軟野 翔太,deLimms,Ben deLimms,1047
107-10,なんば,ジャパン,"ジャパン
(ガチャ: 黄 )",林,MF,,111,102,51,57,51,56,54,53,51,51,ラン・ボール・ラン,れっぷうダッシュ,くものいと,バックトルネード (B),nanba,,なんば れんじ,南場 恋次,Anover,Chaz Anover,1048
108-1,なんぶ,ブラジル,"ブラジル
(ガチャ: 黄 )",風,FW,,107,119,60,57,54,51,56,58,58,32,イカサマ！,ボルケイノカット (B),バックトルネード (B),アサルトシュート (L),nanbu,,なんぶ ひろふみ,南部 比呂文,Plotter,Lisle Plotter,1049
108-2,なんりく,,"大江戸国際空港
(ガチャ: 赤レア )",風,GK,8,119,109,49,54,62,45,54,51,56,61,トルネードキャッチ,こうていペンギン２ごう,アイスグランド,つなみウォール,nanriku,,なんりく きわむ,南陸 極,Penn,Gwyn Penn,1050
108-3,にいがた,ウミガメ島,"ブラジル
(ガチャ: 黄 )",火,GK,,128,97,56,51,53,51,57,63,56,39,ねっけつパンチ,ロケットこぶし,ダブルロケット,フラッシュアッパー,niigata,,にいがた こしみつ,新潟 越光,Grainger,Lon Grainger,1051
108-4,ニーナ,南東京,"大江戸国際空港
(ガチャ: 赤 )",山,MF,,97,91,56,53,53,56,48,49,57,34,コンドルダイブ (C),クルクルヘッド (C),とうめいフェイント,ザ・タイフーン,niーna,,さかぐち にいな,坂口 新奈,Wriston,Ramona Wriston,1052
108-5,にいみ,ジャパン,"ジャパン
(ガチャ: 赤 )",林,DF,,100,108,51,56,63,57,56,51,51,37,ウェルカムバック,ホーントレイン (B),スーパーアルマジロ,ヘビーベイビー (B),niimi,3,にいみ ちから,新見 主税,Looney,Bill Looney,1053
108-6,ニーヤ,セントラル,"ジャパン
(ガチャ: 赤 )",火,DF,14,127,120,45,48,47,47,44,65,44,59,どくぎりのじゅつ,グッドスメル,シャインドライブ,かげぬい,niーya,,いちのみや にいや,一之宮 仁衣弥,Meakin,Assumpta Meakin,1054
108-7,にし,沖縄,"福岡 沖縄
(ガチャ: 青 )",山,GK,,94,128,57,57,53,56,51,56,55,38,なまける,ちゃぶだいがえし,くものいと,ボディシールド,nishi,,にし つきひこ,西 月彦,Tardy,Bill Tardy,1055
108-8,にしい,ブラジル,"ブラジル
(ガチャ: 青 )",火,FW,,113,97,52,58,41,56,39,53,56,70,つちだるま (C),ジグザグスパーク,モグラフェイント,グランドクェイク (B),nishii,,にしい とおる,西井 とおる,Blinks,Wiley Blinks,1056
108-9,にしお,京都,"関西 愛媛
(ガチャ: 赤 )",火,FW,,118,101,49,37,39,53,60,56,56,75,レボリューションＶ,ヒートタックル,フーセンガム,ドッペルゲンガー,nishio,,にしお しんすけ,西尾 信輔,Away,Ron Away,1057
108-10,にしかわ,クジャク島,人脈システム,風,FW,,75,148,60,56,56,58,38,58,53,38,クイックドロウ,キラーブレード,サザンクロスカット,エクスカリバー (L)(LV50),nishikawa,,にしかわ まさえ,西川 昌枝,Brandish,Brenda Brandish,1058
109-1,にしじま,イタリア,"イタリア
(ガチャ: 青 )",風,GK,,102,117,44,53,60,48,53,51,51,67,スワンダイブ,フレイムダンス,つむじ,つなみウォール,nishijima,3,にしじま みちはる,西嶋 路美,Sweatman,Jim Sweatman,1059
109-2,にじの,愛媛,"関西 愛媛
(ガチャ: 青 )",火,DF,,126,96,56,61,54,60,41,65,51,35,コイルターン,レインボーループ (L),れっぷうダッシュ,さばきのてっつい (B),nijino,,にじの すぐる,虹野 克,Quinn,Hale Quinn,1060
109-3,にしはら,,,風,MF,,94,129,62,51,52,58,43,59,54,32,マジック,フーセンガム,シャインドライブ,ジグザグスパーク,nishihara,,にしはら ゆうじろう,西原 裕次郎,McClean,Travis McClean,1061
109-4,にしむら,コトアール,"コトアール
(ガチャ: 黄 )",山,FW,,120,110,49,44,45,48,44,47,47,85,サイコショット,グラビテイション (B),パトリオットシュート (L),トカチェフボンバー (C),nishimura,4,にしむら かずゆき,西村 和幸,Namby,Terry Namby,1062
109-5,にしや,ウミガメ島,"ブラジル
(ガチャ: 黄 )",林,FW,,126,97,46,57,56,51,62,55,56,27,ファントムシュート (C),イリュージョンボール,ラン・ボール・ラン,こうていペンギン２ごう,nishiya,,にしや けんじ,西谷 研二,Dippedes,Phil Dippedes,1063
109-6,にった,クジャク島,ミニバトル,風,GK,5,132,100,65,62,56,53,56,61,60,31,まきわりチョップ,ワイルドクロー,キーパープラス,カポエィラスナッチ,nitta,,にった かずひさ,新田 一久,Tinct,Vince Tinct,1064
109-7,にのみや,奈良,"関西 愛媛
(ガチャ: 青 )",火,GK,,119,106,48,53,56,48,57,51,57,63,ねっけつパンチ,がくしゅう,かげぬい,だいばくはつはりて,ninomiya,4,にのみや きんじ,二宮 金次,Meikle,Andrew Meikle,1065
109-8,にへい,北東京,"稲妻商店街
(ガチャ: 赤 )",山,DF,8,119,98,55,57,56,62,57,56,54,26,ホーントレイン (B),メガウォール (B),ジャッジスルー,かげぬい,nihei,3,にへい あきら,二瓶 晶,Demi,John Demi,1066
109-9,にほら,南東京,"大江戸国際空港
(ガチャ: 赤 )",山,MF,,120,97,57,51,57,53,53,53,54,54,ダッシュアクセル,スーパースキャン,フリーズショット,てんくうおとし (C),nihora,,にひら しんぺい,仁平 信平,Peacock,Clint Peacock,1067
109-10,にむら,イタリア,"イタリア
(ガチャ: 黄 )",山,DF,,90,134,47,47,47,48,47,45,46,94,クイックドロウ,スーパースキャン,あびせげり (C),パラディンストライク (C),nimura,,にむら かずし,仁村 和史,Bonnie,Shaun Bonnie,1068
110-1,ニャア,ウミガメ島,"ブラジル
(ガチャ: 赤 )",山,DF,,78,153,48,48,48,60,42,39,50,76,のろい,ならくおとし,メテオシャワー,デーモンカット (B),nyaa,,にや しえ,丹屋 使枝,Purrsival,Meowlinda Purrsival,1069
110-2,にわやま,イギリス,ミニバトル,火,DF,5,117,111,58,66,59,63,59,59,57,30,スーパースキャン,フォトンフラッシュ,スーパーエラシコ,ブロックサーカス,niwayama,,にわやま しげお,庭山 重雄,Chugger,Joe Chugger,1070
110-3,にんじん,クジャク島,"アメリカ
(ガチャ: 赤 )",火,FW,,91,127,56,51,52,59,41,57,54,61,クンフーヘッド,クンフーアタック (B),ねっけつヘッド,トカチェフボンバー (C),ninjin,,うえつき くにひろ,上月 邦宏,O'Cyte,Luke O'Cyte,1071
110-4,ぬしの,北東京,人脈システム,火,GK,,92,137,67,60,62,63,37,67,60,33,しっぷうダッシュ,ちゃぶだいがえし,サイクロン,ムゲン・ザ・ハンド,nushino,,ぬしの たかし,主野 崇,Jammen,Bob Jammen,1072
110-5,ぬのか,ブラジル,ミニバトル,林,MF,,80,136,51,53,52,56,57,60,53,36,ミラージュシュート (C),フーセンガム,ぶんしんフェイント,うしろのしょうめん,nunoka,,ふじえだ ぬのか,藤枝 布花,Ider,Nolene Ider,1073
110-6,ぬのはら,ウミガメ島,"ブラジル
(ガチャ: 赤 )",林,GK,,120,96,57,53,51,55,57,56,57,25,オーロラカーテン,パワーシールド,ムーンサルト,シュートポケット,nunohara,,ぬのはら ひろ,布原 ヒロ,Lotts,Lance Lotts,1074
110-7,ぬのむら,北海道,"北海道
(ガチャ: 赤 )",火,GK,,124,96,41,63,56,63,41,36,54,71,ねっけつパンチ,ロケットこぶし,ダブルロケット,しこふみ,nunomura,3,ぬのむら ふれる,布村 触,Hugger,Trey Hugger,1075
110-8,ぬまぐち,北東京,"稲妻商店街
(ガチャ: 赤 )",風,FW,8,124,94,52,56,57,53,52,53,51,50,サイコショット,クンフーヘッド,クンフーアタック (B),ガニメデプロトン,numaguchi,,ぬまぐち つかさ,沼口 司,Blower,Erhard Blower,1076
110-9,ぬりかべ,北東京,"稲妻商店街
(ガチャ: 赤レア )",山,MF,8,120,92,57,57,53,51,56,56,51,42,ドッペルゲンガー,ざんぞう,フェイクボンバー,ぶんしんディフェンス,nurikabe,,ぬりかべ たもつ,塗壁 保,Malus,Peter Malus,1077
110-10,ぬりたに,イギリス,"イギリス
(ガチャ: 赤 )",林,MF,,114,108,48,53,61,48,54,57,54,61,ローリングキック (C),ムーンサルト,レインボーループ (L),オーロラドリブル,nuritani,,ぬりたに さだや,塗谷 貞哉,Tayssus,Austin Tayssus,1078
111-1,ネイロン,北東京,ミニバトル,風,MF,5,96,127,57,53,46,57,63,59,61,34,オフェンスプラス,オーロラドリブル,アストロゲート (C),グッドスメル,neiron,,やそじま ねいろ,八十島 音彩,Allure,Belle Allure,1079
111-2,ねお,コンドル島,"イタリア
(ガチャ: 黄 )",火,GK,,118,90,53,51,46,46,50,56,56,80,ロケットこぶし,フェイクボール,エコーボール,ダブルロケット,neo,,ねお ふうが,音尾 風雅,Turnon,Handel Turnon,1080
111-3,ねぎの,ウミヘビ島,ミニバトル,風,FW,,99,124,66,61,57,51,51,63,56,32,ぞくせいきょうか,スパイラルショット,ダークトルネード (B),ディバインアロー,negino,1,ねぎの きざみ,葱野 刻,Mose,Loughrey Mose,1081
111-4,ねこの,ヤマネコ島,ミニバトル,風,MF,,99,125,52,56,62,57,62,56,55,32,ホーントレイン (B),ジャッジスルー,ダイナマイトシュート (C),ジャッジスルー２,nekono,4,ねこの りょうた,猫野 亮太,Felix,Tom Felix,1082
111-5,ねごろ,北東京,ミニバトル,火,FW,,119,93,45,54,63,47,54,56,51,63,スピニングシュート (C),ひゃくれつショット (C),ジグザグスパーク,ユニバースブラスト (C),negoro,,ねごろ しどう,根来 獅童,Gerry,Manny Gerry,1083
111-6,ネック,京都,"関西 愛媛
(ガチャ: 黄 )",林,MF,,94,132,51,51,48,50,41,39,51,71,カマイタチ,フーセンガム,トカチェフボンバー (C),イケイケ！,nekku,,ねくばん どう,音九番 堂,Headset,Hedwig Setter,1084
111-7,ねっけつ,（パスワード）,"大江戸国際空港
(ガチャ: 黄 )",火,FW,8,125,105,76,78,42,47,72,40,69,3,ドラゴンキャノン V2(B),ボルケイノカット (B),フレイムダンス,アトミックフレア (B),nekketsu,,ぞくせいが ねっけつ,属性賀 熱血,Ellement,Bernie Ellement,1085
111-8,ねむい,福岡,ミニバトル,山,GK,,109,116,57,56,57,53,51,51,56,31,なまける,アースクェイク,ギガントウォール,メガクェイク,nemui,,ねむい としろう,眠井 俊郎,Sleep,Walker Sleep,1086
111-9,ねむこ,ウミヘビ島,"イギリス
(ガチャ: 赤 )",林,DF,,87,135,46,50,51,51,48,51,51,70,ひとりワンツー,クルクルヘッド (C),ディバインアロー,デュアルパス,nemuko,,いな ねむこ,伊奈 合歓子,Ledbelly,Jane Ledbelly,1087
111-10,ねりやま,ウミガメ島,"ブラジル
(ガチャ: 赤 )",火,DF,,93,129,61,60,56,59,58,57,56,22,おんりょう,ジャッジスルー,フレイムダンス,デーモンカット (B),neriyama,,ねりやま やすし,錬山 術,Chemmy,Al Chemmy,1088
112-1,のいえ,ウミヘビ島,"イギリス
(ガチャ: 赤 )",火,MF,,122,101,56,56,57,52,53,60,53,25,ラッキー！,イリュージョンボール,エッフェルドライブ (C),まぼろしドリブル,noie,,のいえ ひろはる,野家 広貼,Wallpole,Andy Wallpole,1089
112-2,のえみ,イタリア,"イタリア
(ガチャ: 赤 )",火,DF,,90,126,49,51,46,48,52,50,48,66,クイックドロウ,マジック,うしろのしょうめん,フーセンガム,noemi,,ふくはら のえみ,普久原 野枝美,Boyde,Toya Boyde,1090
112-3,のぐち,北海道,"北海道
(ガチャ: 黄 )",林,GK,,137,95,53,62,47,60,56,58,51,25,トルネードキャッチ,ブレードアタック,レインボーループ (L),プロファイルゾーン,noguchi,,のぐち まなと,野口 学人,Smudge,Mark Smudge,1091
112-4,ノザック,北東京,"稲妻商店街
(ガチャ: 青 )",風,DF,,120,100,53,59,56,56,53,56,53,24,スーパーしこふみ (B),ザ・ウォール (B),パワーチャージ,アースクェイク,nozakku,3,のざき としひろ,野崎 利洋,Stickman,Farris Stickman,1092
112-5,のざわ,南東京,"大江戸国際空港
(ガチャ: 青 )",山,FW,8,121,95,50,46,48,50,63,48,42,82,しこふみ,つちだるま (C),アストロブレイク,ザ・ウォール (B),nozawa,4,のざわ きみあき,野沢 公顕,Rampage,Eaton Rampage,1093
112-6,のじま,ウミガメ島,"ブラジル
(ガチャ: 赤 )",林,DF,,118,93,44,57,58,44,53,54,57,61,ブレードアタック,フーセンガム,マタドールフェイント,ドこんじょうキャッチ,nojima,,のじま まさかず,能島 政和,Whipp,Hannibal Whipp,1094
112-7,のぞみ,奈良,"関西 愛媛
(ガチャ: 青 )",山,DF,,75,140,46,54,55,51,62,51,57,38,ドッペルゲンガー,ロケットこぶし,かげぬい,ディバインアロー,nozomi,,うの のぞみ,宇野 希望,Clector,Barbara Clector,1095
112-8,ノダッタ,北東京,"商店街
(ガチャ: 黄 )",風,GK,,108,144,49,56,58,51,53,57,56,52,スワンダイブ,ロケットこぶし,ゴールずらし,ドリルスマッシャー,nodatta,4,のだ たけし,野田 岳,Pikes,Bomber Pikes,1096
112-9,のと,スクラップ広場,"アメリカ
(ガチャ: 黄 )",火,FW,18,119,105,37,58,57,56,60,62,62,33,あびせげり (C),ファイアトルネード (C),カマイタチ,タイガードライブ,noto,,のと いくみ,能登 郁海,Pummel,Beata Pummel,1097
112-10,のばやし,福岡,"福岡 沖縄
(ガチャ: 赤 )",火,GK,,115,99,65,53,60,47,57,57,36,61,ラッキー！,アースクェイク,ドこんじょうキャッチ,ゴールずらし,nobayashi,4,のばやし しげくに,野林 茂有,Deremer,Gregg Deremer,1098
113-1,のべくん,北東京,"稲妻商店街
(ガチャ: 赤 )",風,GK,8,124,86,45,44,45,56,47,49,47,106,ガラティーン,ドッペルゲンガー,キラーブレード,スニーキングレイド,nobekun,,のべざわ りょうた,野辺沢 領汰,Forager,Abel Forager,1099
113-2,のぼりかわ,セントラル,"ジャパン
(ガチャ: 青 )",山,DF,,126,98,44,37,39,51,56,39,56,99,ごりむちゅう,ザ・ウォール (B),アイアンウォール (B),れっぷうダッシュ,noborikawa,4,のぼりかわ ひかる,登川 光,Flagg,Philip Flagg,1100
113-3,のりまつ,セントラル,"ジャパン
(ガチャ: 青 )",火,GK,,127,95,60,51,56,56,55,65,56,25,まきわりチョップ,イケイケ！,フレイムダンス,デュアルスマッシュ,norimatsu,,のりまつ きょうへい,乗松 響平,Able,Gill Able,1101
113-4,のろい,ウミガメ島,"ブラジル
(ガチャ: 黄 )",火,DF,,88,138,44,55,54,65,40,56,57,49,のろい,ファントムシュート (C),どくぎりのじゅつ,デーモンカット (B),noroi,1,のろい ねんいち,呪 念一,Curses,Curtis Carson,1102
