team,player,off,pla
傘美野,Jou,0,1
傘美野, Himejima,0,2
傘美野, Kikuchi,0,3
傘美野, Noma,0,4
傘美野, Mukaiyama,0,5
傘美野, Chaki,0,6
傘美野, Kanou,0,7
傘美野, Tachino,0,8
傘美野, Demae,0,9
傘美野, Yasunaga,0,10
傘美野, Mizuguchi,0,11
傘美野, Tsutsumi,0,12
傘美野, Tomooka,0,13
傘美野, Marude,0,14
傘美野, Ishizaki,0,15
傘美野, Kozuka,0,16
尾刈斗,Juuzou,0,1
尾刈斗,Sanzu,0,2
尾刈斗,Yanagida,0,3
尾刈斗,furanken,0,4
尾刈斗,Fujimi,0,5
尾刈斗,Reigen,0,6
尾刈斗,Miira,0,7
尾刈斗,Yatsuhaka,0,8
尾刈斗,Yuukoku,0,9
尾刈斗,Tsukimura,0,10
尾刈斗,buraddo,0,11
尾刈斗,Fushi,0,12
尾刈斗,Ningyou,0,13
尾刈斗,Tsuburaya,0,14
尾刈斗,Kurogami,0,15
尾刈斗,Makai,0,16
野生,Inoshishi,0,1
野生,Niwatori,0,2
野生,Sakana,0,3
野生,Kaeru,0,4
野生,raion,0,5
野生,kamereon,0,6
野生,Washi,0,7
野生,Saru,0,8
野生,gorira,0,9
野生,Hebi,0,10
野生,chiitaa,0,11
野生,Ushi,0,12
野生,koara,0,13
野生,Panda,0,14
野生,Araiguma,0,15
野生,Nezumi,0,16
御影専農,Takeshi,0,1
御影専農,Yuu,0,2
御影専農,Tsuyoshi,0,3
御影専農,Kyou,0,4
御影専農,Nori,0,5
御影専農,Iwao,0,6
御影専農,Kei,0,7
御影専農,Baku,0,8
御影専農,Seri,0,9
御影専農,Shin,0,10
御影専農,Arata,0,11
御影専農,Mashimo,0,12
御影専農,Tsuzuki,0,13
御影専農,Hirao,0,14
御影専農,Nagatomo,0,15
御影専農,Mizubuchi,0,16
秋葉名戸,aidoru,0,1
秋葉名戸,tecchan,0,2
秋葉名戸,noberu,0,3
秋葉名戸,hiiroo,0,4
秋葉名戸,kosupure,0,5
秋葉名戸,onrain,0,6
秋葉名戸,Jisakuha,0,7
秋葉名戸,Robo,0,8
秋葉名戸,geemuki,0,9
秋葉名戸,Mangaka,0,10
秋葉名戸,aakeedo,0,11
秋葉名戸,Touma,0,12
秋葉名戸,Kiuchi,0,13
秋葉名戸,figyua,0,14
秋葉名戸,Seiyuu,0,15
秋葉名戸,netto,0,16
帝国学園,Genou,0,1
帝国学園,Daiden,0,2
帝国学園,Banjou,0,3
帝国学園,Narukami,0,4
帝国学園,Gojou,0,5
帝国学園,Henmi,0,6
帝国学園,Sakiyama,0,7
帝国学園,Doumen,0,8
帝国学園,Jimon,0,9
帝国学園,Kidou,0,10
帝国学園,Sakuma,0,11
帝国学園,Hyoudou,0,12
帝国学園,Ena,0,13
帝国学園,Mukumoto,0,14
帝国学園,Shibuki,0,15
帝国学園,Ookusu,0,16
戦国伊賀島,Momochi,0,1
戦国伊賀島,Fujibayashi,0,2
戦国伊賀島,Kousaka,0,3
戦国伊賀島,Jiraiya,0,4
戦国伊賀島,Goemon,0,5
戦国伊賀島,Fuuma,0,6
戦国伊賀島,Kouga,0,7
戦国伊賀島,Sarutobi,0,8
戦国伊賀島,Yagyuu,0,9
戦国伊賀島,Hatsutori,0,10
戦国伊賀島,Kirigakure,0,11
戦国伊賀島,Kido,0,12
戦国伊賀島,Hachiya,0,13
戦国伊賀島,Katou,0,14
戦国伊賀島,Ideura,0,15
戦国伊賀島,Takigawa,0,16
千羽山,Ayano,0,1
千羽山,Sumino,0,2
千羽山,Serizawa,0,3
千羽山,Makiya,0,4
千羽山,Shiotani,0,5
千羽山,Yamane,0,6
千羽山,Ikui,0,7
千羽山,Oogoi,0,8
千羽山,Harano,0,9
千羽山,Daichi,0,10
千羽山,Tanushimaru,0,11
千羽山,Kusao,0,12
千羽山,Yoneyama,0,13
千羽山,Inukai,0,14
千羽山,Fukui,0,15
千羽山,Fuji,0,16
木戸川清修,Nanzan,0,1
木戸川清修,Nishigaki,0,2
木戸川清修,Megawa,0,3
木戸川清修,Mitsumune,0,4
木戸川清修,Kurobe,0,5
木戸川清修,Tobiyama,0,6
木戸川清修,Yakata,0,7
木戸川清修,Mogi,0,8
木戸川清修,Masaru,0,9
木戸川清修,Tomo,0,10
木戸川清修,Tsutomu,0,11
木戸川清修,Dandou,0,12
木戸川清修,Fukazawa,0,13
木戸川清修,Mamorino,0,14
木戸川清修,Nakai,0,15
木戸川清修,Ishii,0,16
世宇子,Poseidon,0,1
世宇子,aporon,0,2
世宇子,hepaisu,0,3
世宇子,aresu,0,4
世宇子,Dio,0,5
世宇子,arutemisu,0,6
世宇子,herumesu,0,7
世宇子,atena,0,8
世宇子,demeteru,0,9
世宇子,afurodi,0,10
世宇子,Hera,0,11
世宇子,ikarosu,0,12
世宇子,akiresu,0,13
世宇子,herakuresu,0,14
世宇子,kuronosu,0,15
世宇子,Medusa,0,16
白恋,Hakoda,0,1
白恋,Matoro,0,2
白恋,Oshiya,0,3
白恋,Mabuka,0,4
白恋,Yukino,0,5
白恋,Araya,0,6
白恋,Iya,0,7
白恋,Sorano,0,8
白恋,Fubuki,0,9
白恋,Retsuto,0,10
白恋,Kitami,0,11
白恋,Sumitani,0,12
白恋,Shirokuma,0,13
白恋,Shitsuhara,0,14
白恋,Goryou,0,15
白恋,Chihira,0,16
漫遊寺,Kakita,0,1
漫遊寺,Satori,0,2
漫遊寺,Hougyoku,0,3
漫遊寺,Fukumi,0,4
漫遊寺,Makanai,0,5
漫遊寺,Komusou,0,6
漫遊寺,Manabiya,0,7
漫遊寺,Ichikawa,0,8
漫遊寺,Atarou,0,9
漫遊寺,Kageta,0,10
漫遊寺,Usuke,0,11
漫遊寺,Kogure,0,12
漫遊寺,Itsushige,0,13
漫遊寺,Kamo,0,14
漫遊寺,kozan,0,15
漫遊寺,Osamoto,0,16
真・帝国学園,Genou,1,1
真・帝国学園,Taiya,0,2
真・帝国学園,Iyatani,0,3
真・帝国学園,Gouin,0,4
真・帝国学園,Jikuwa,0,5
真・帝国学園,Meza,0,6
真・帝国学園,Hikara,0,7
真・帝国学園,Takanashi,0,8
真・帝国学園,Hie,0,9
真・帝国学園,Fudou,1,10
真・帝国学園,Sakuma,1,11
真・帝国学園,Katakura,0,12
真・帝国学園,Souma,0,13
真・帝国学園,Shouni,0,14
真・帝国学園,Betsuki,0,15
真・帝国学園,Isshiki,0,16
大阪ギャルズCCC,Koi,0,1
大阪ギャルズCCC,Kouko,0,2
大阪ギャルズCCC,Michiko,0,3
大阪ギャルズCCC,Harumi,0,4
大阪ギャルズCCC,Katsuyo,0,5
大阪ギャルズCCC,Hiromi,0,6
大阪ギャルズCCC,Nokko,0,7
大阪ギャルズCCC,Hanako,0,8
大阪ギャルズCCC,Mari,0,9
大阪ギャルズCCC,rika,0,10
大阪ギャルズCCC,Reika,0,11
大阪ギャルズCCC,Tomoe,0,12
大阪ギャルズCCC,Hikari,0,13
大阪ギャルズCCC,Ogin,0,14
大阪ギャルズCCC,Matsuri,0,15
大阪ギャルズCCC,Hanae,0,16
陽花戸,Tachimukai,0,1
陽花戸,Chikushi,0,2
陽花戸,Oohori,0,3
陽花戸,Genkai,0,4
陽花戸,Ishiyama,0,5
陽花戸,Shika,0,6
陽花戸,Michihata,0,7
陽花戸,Matsurida,0,8
陽花戸,Kuroda,0,9
陽花戸,Toda,0,10
陽花戸,Matsubayashi,0,11
陽花戸,Niwaka,0,12
陽花戸,Oyatomi,0,13
陽花戸,Nagahama,0,14
陽花戸,Dazai,0,15
陽花戸,Okinoshima,0,16
大海原,Shuri,0,1
大海原,daibaa,0,2
大海原,Gibo,0,3
大海原,Tsunami,0,4
大海原,Akamine,0,5
大海原,Toguchi,0,6
大海原,Otomura,0,7
大海原,Kyan,0,8
大海原,Koja,0,9
大海原,Agarie,0,10
大海原,shaaku,0,11
大海原,Amuro,0,12
大海原,Oyadomari,0,13
大海原,Zukeran,0,14
大海原,Chinen,0,15
大海原,Sango,0,16
ジェミニストーム,gorureo,0,1
ジェミニストーム,koraru,0,2
ジェミニストーム,gigu,0,3
ジェミニストーム,ganimede,0,4
ジェミニストーム,karon,0,5
ジェミニストーム,Pandora,0,6
ジェミニストーム,guringo,0,7
ジェミニストーム,Io,0,8
ジェミニストーム,riimu,0,9
ジェミニストーム,reeze,0,10
ジェミニストーム,diamu,0,11
ジェミニストーム,,0,12
ジェミニストーム,,0,13
ジェミニストーム,,0,14
ジェミニストーム,,0,15
ジェミニストーム,,0,16
イプシロン,dezaamu,1,1
イプシロン,kenbiru,0,2
イプシロン,mooru,0,3
イプシロン,Keison,0,4
イプシロン,taitan,0,5
イプシロン,fadora,0,6
イプシロン,kuriputo,0,7
イプシロン,suoomu,0,8
イプシロン,makyua,0,9
イプシロン,metoron,0,10
イプシロン,zeru,0,11
イプシロン,,0,12
イプシロン,,0,13
イプシロン,,0,14
イプシロン,,0,15
イプシロン,,0,16
イプシロン改,zeru,0,1
イプシロン改,kenbiru,0,2
イプシロン改,mooru,0,3
イプシロン改,Keison,0,4
イプシロン改,taitan,0,5
イプシロン改,fadora,0,6
イプシロン改,kuriputo,0,7
イプシロン改,suoomu,0,8
イプシロン改,makyua,0,9
イプシロン改,metoron,0,10
イプシロン改,dezaamu,1,11
イプシロン改,,0,12
イプシロン改,,0,13
イプシロン改,,0,14
イプシロン改,,0,15
イプシロン改,,0,16
ザ・ジェネシス,Nero,0,1
ザ・ジェネシス,geiru,0,2
ザ・ジェネシス,kiibu,0,3
ザ・ジェネシス,zoohan,0,4
ザ・ジェネシス,hauzaa,0,5
ザ・ジェネシス,kooma,0,6
ザ・ジェネシス,kyiiru,0,7
ザ・ジェネシス,aaku,0,8
ザ・ジェネシス,uiizu,0,9
ザ・ジェネシス,urubida,0,10
ザ・ジェネシス,guran,0,11
ザ・ジェネシス,,0,12
ザ・ジェネシス,,0,13
ザ・ジェネシス,,0,14
ザ・ジェネシス,,0,15
ザ・ジェネシス,,0,16
警備マシンズ,Robo S,0,1
警備マシンズ,Robo P,0,2
警備マシンズ,Robo T,0,3
警備マシンズ,Robo V,0,4
警備マシンズ,Robo C,0,5
警備マシンズ,Robo O,0,6
警備マシンズ,Robo B,0,7
警備マシンズ,Robo G,0,8
警備マシンズ,Robo K,0,9
警備マシンズ,Robo F,0,10
警備マシンズ,Robo L,0,11
警備マシンズ,,0,12
警備マシンズ,,0,13
警備マシンズ,,0,14
警備マシンズ,,0,15
警備マシンズ,,0,16
ダークエンペラーズ,Takeshi,1,1
ダークエンペラーズ,Nishigaki,1,2
ダークエンペラーズ,Shishido,1,3
ダークエンペラーズ,Jin,1,4
ダークエンペラーズ,Kurimatsu,1,5
ダークエンペラーズ,Handa,1,6
ダークエンペラーズ,Shourin,1,7
ダークエンペラーズ,makkusu,1,8
ダークエンペラーズ,shadou,1,9
ダークエンペラーズ,Kazemaru,1,10
ダークエンペラーズ,Someoka,1,11
ダークエンペラーズ,,0,12
ダークエンペラーズ,,0,13
ダークエンペラーズ,,0,14
ダークエンペラーズ,,0,15
ダークエンペラーズ,,0,16
プロミネンス,gurento,0,1
プロミネンス,baara,0,2
プロミネンス,bakuree,0,3
プロミネンス,satosu,0,4
プロミネンス,bonba,0,5
プロミネンス,hiito,0,6
プロミネンス,Rean,0,7
プロミネンス,Bonitona,0,8
プロミネンス,saiden,0,9
プロミネンス,baan,1,10
プロミネンス,neppaa,0,11
プロミネンス,,0,12
プロミネンス,,0,13
プロミネンス,,0,14
プロミネンス,,0,15
プロミネンス,,0,16
ダイヤモンドダスト,beruga,0,1
ダイヤモンドダスト,aikyuu,0,2
ダイヤモンドダスト,kurara,0,3
ダイヤモンドダスト,Gokka,0,4
ダイヤモンドダスト,aishii,0,5
ダイヤモンドダスト,baren,0,6
ダイヤモンドダスト,dororu,0,7
ダイヤモンドダスト,rioone,0,8
ダイヤモンドダスト,burou,0,9
ダイヤモンドダスト,gazeru,1,10
ダイヤモンドダスト,furosuto,0,11
ダイヤモンドダスト,,0,12
ダイヤモンドダスト,,0,13
ダイヤモンドダスト,,0,14
ダイヤモンドダスト,,0,15
ダイヤモンドダスト,,0,16
カオス,gurento,0,1
カオス,baara,0,2
カオス,kurara,0,3
カオス,Gokka,0,4
カオス,bonba,0,5
カオス,hiito,0,6
カオス,dororu,0,7
カオス,rioone,0,8
カオス,baan,1,9
カオス,neppaa,0,10
カオス,gazeru,1,11
カオス,,0,12
カオス,,0,13
カオス,,0,14
カオス,,0,15
カオス,,0,16
稲妻KFC,Hiroto,0,1
稲妻KFC,Kaito,0,2
稲妻KFC,Ryouta,0,3
稲妻KFC,Itsuki,0,4
稲妻KFC,Souta,0,5
稲妻KFC,Haru,0,6
稲妻KFC,Terasaka,0,7
稲妻KFC,Sora,0,8
稲妻KFC,Ryuusuke,0,9
稲妻KFC,Rikuto,0,10
稲妻KFC,Mako,0,11
稲妻KFC,Ooshima,0,12
稲妻KFC,Aoshima,0,13
稲妻KFC,Amai,0,14
稲妻KFC,Hirata,0,15
稲妻KFC,Hasebe,0,16
一番街サリーズ,Yaono,0,1
一番街サリーズ,Tome,0,2
一番街サリーズ,Ootama,0,3
一番街サリーズ,Kotsuban,0,4
一番街サリーズ,Shittou,0,5
一番街サリーズ,Ritsuko,0,6
一番街サリーズ,Goinkyo,0,7
一番街サリーズ,Utagawa,0,8
一番街サリーズ,sarii,0,9
一番街サリーズ,sabuchan,0,10
一番街サリーズ,Purogure,0,11
一番街サリーズ,Iemori,0,12
一番街サリーズ,Ebisu,0,13
一番街サリーズ,Ikuji,0,14
一番街サリーズ,Eji,0,15
一番街サリーズ,Sayaka,0,16
SPフィクサーズ,Tetsukabe,0,1
SPフィクサーズ,Goyou,0,2
SPフィクサーズ,Hayate,0,3
SPフィクサーズ,Sakura,0,4
SPフィクサーズ,sumisu,0,5
SPフィクサーズ,Gokuhi,0,6
SPフィクサーズ,Mai,0,7
SPフィクサーズ,Sakite,0,8
SPフィクサーズ,Kagami,0,9
SPフィクサーズ,Touko,0,10
SPフィクサーズ,Kisoku,0,11
SPフィクサーズ,Tamakura,0,12
SPフィクサーズ,Tokube,0,13
SPフィクサーズ,Denju,0,14
SPフィクサーズ,rinda,0,15
SPフィクサーズ,Minobe,0,16
樹海チーム,Bun,0,1
樹海チーム,Toffen,0,2
樹海チーム,sutaaga,0,3
樹海チーム,Shan,0,4
樹海チーム,Gensun,0,5
樹海チーム,Russai,0,6
樹海チーム,Assai,0,7
樹海チーム,rashipuree,0,8
樹海チーム,vyiikusu,0,9
樹海チーム,roaru,0,10
樹海チーム,Manson,0,11
樹海チーム,,0,12
樹海チーム,,0,13
樹海チーム,,0,14
樹海チーム,,0,15
樹海チーム,,0,16
雷門OB,Hibiki,0,1
雷門OB,Ukishima,0,2
雷門OB,Kamimura,0,3
雷門OB,Aida,0,4
雷門OB,batoraa,0,5
雷門OB,Nakama,0,6
雷門OB,Ikari,0,7
雷門OB,teeraa,0,8
雷門OB,masutaa,0,9
雷門OB,Sugata,0,10
雷門OB,birudaa,0,11
雷門OB,Haijin,0,12
雷門OB,Michiba,0,13
雷門OB,Kouji,0,14
雷門OB,Kakeyama,0,15
雷門OB,Atsuta,0,16
ヤングイナズマイレブン,Hibiki,0,1
ヤングイナズマイレブン,Ukishima,0,2
ヤングイナズマイレブン,Kamimura,0,3
ヤングイナズマイレブン,Aida,0,4
ヤングイナズマイレブン,batoraa,0,5
ヤングイナズマイレブン,Nakama,0,6
ヤングイナズマイレブン,Ikari,0,7
ヤングイナズマイレブン,teeraa,0,8
ヤングイナズマイレブン,masutaa,0,9
ヤングイナズマイレブン,Sugata,0,10
ヤングイナズマイレブン,birudaa,0,11
ヤングイナズマイレブン,,0,12
ヤングイナズマイレブン,,0,13
ヤングイナズマイレブン,,0,14
ヤングイナズマイレブン,,0,15
ヤングイナズマイレブン,,0,16
ビッグウェイブス,Jinbei,0,1
ビッグウェイブス,uootaa,0,2
ビッグウェイブス,biichi,0,3
ビッグウェイブス,taatoru,0,4
ビッグウェイブス,kuraaken,0,5
ビッグウェイブス,shurinpu,0,6
ビッグウェイブス,anguraa,0,7
ビッグウェイブス,saafyin,0,8
ビッグウェイブス,dorufyin,0,9
ビッグウェイブス,riifu,0,10
ビッグウェイブス,joozu,0,11
ビッグウェイブス,shiihoosu,0,12
ビッグウェイブス,samaa,0,13
ビッグウェイブス,kurabu,0,14
ビッグウェイブス,barakuuda,0,15
ビッグウェイブス,maarin,0,16
デザートライオン,naseru,0,1
デザートライオン,fuaru,0,2
デザートライオン,biyon,0,3
デザートライオン,jameru,0,4
デザートライオン,Musa,0,5
デザートライオン,yusufu,0,6
デザートライオン,surai,0,7
デザートライオン,seido,0,8
デザートライオン,messaa,0,9
デザートライオン,zakku,0,10
デザートライオン,majidei,0,11
デザートライオン,tararu,0,12
デザートライオン,hassan,0,13
デザートライオン,harufuan,0,14
デザートライオン,rajabu,0,15
デザートライオン,aderu,0,16
ファイアードラゴン,jonsu,0,1
ファイアードラゴン,umyan,0,2
ファイアードラゴン,douyun,0,3
ファイアードラゴン,myonho,0,4
ファイアードラゴン,sonfuan,0,5
ファイアードラゴン,chansuu,0,6
ファイアードラゴン,pekuyon,0,7
ファイアードラゴン,un'yon,0,8
ファイアードラゴン,afurodi,0,9
ファイアードラゴン,baan,0,10
ファイアードラゴン,gazeru,0,11
ファイアードラゴン,chinan,0,12
ファイアードラゴン,hyonde,0,13
ファイアードラゴン,chon'yun,0,14
ファイアードラゴン,sonjun,0,15
ファイアードラゴン,jon'on,0,16
ネオジャパン,Genou,0,1
ネオジャパン,Narukami,0,2
ネオジャパン,zoohan,0,3
ネオジャパン,Gouin,0,4
ネオジャパン,Jimon,0,5
ネオジャパン,Arata,0,6
ネオジャパン,Kirigakure,0,7
ネオジャパン,Yuukoku,0,8
ネオジャパン,uiizu,0,9
ネオジャパン,Saginuma,0,10
ネオジャパン,zeru,0,11
ネオジャパン,hiito,0,12
ネオジャパン,Hera,0,13
ネオジャパン,Tsutomu,0,14
ネオジャパン,demeteru,0,15
ネオジャパン,Makiya,0,16
チームK,indeigo,0,1
チームK,rozeo,0,2
チームK,azuberu,0,3
チームK,nerro,0,4
チームK,azuro,0,5
チームK,berudeio,0,6
チームK,rosso,0,7
チームK,jarro,0,8
チームK,biorete,0,9
チームK,demoonio,0,10
チームK,bianko,0,11
チームK,gurijjo,0,12
チームK,parudo,0,13
チームK,marroone,0,14
チームK,Amaranto,0,15
チームK,ratteimo,0,16
チーム・ガルシルド,fuokusu,0,1
チーム・ガルシルド,jakkaru,0,2
チーム・ガルシルド,henku,0,3
チーム・ガルシルド,bafuaro,0,4
チーム・ガルシルド,deingo,0,5
チーム・ガルシルド,ouru,0,6
チーム・ガルシルド,hejji,0,7
チーム・ガルシルド,manteisu,0,8
チーム・ガルシルド,kurou,0,9
チーム・ガルシルド,koyoote,0,10
チーム・ガルシルド,sukoopio,0,11
チーム・ガルシルド,goraiasu,0,12
チーム・ガルシルド,supaidaa,0,13
チーム・ガルシルド,jirafu,0,14
チーム・ガルシルド,gabiaru,0,15
チーム・ガルシルド,papiyon,0,16
ナイツオブクィーン,furedei,0,1
ナイツオブクィーン,joniiG,0,2
ナイツオブクィーン,deebiddo,0,3
ナイツオブクィーン,ransu,0,4
ナイツオブクィーン,ejji,0,5
ナイツオブクィーン,piitaa,0,6
ナイツオブクィーン,geirii,0,7
ナイツオブクィーン,pooru,0,8
ナイツオブクィーン,erikku,0,9
ナイツオブクィーン,edogaa,0,10
ナイツオブクィーン,fyirippu,0,11
ナイツオブクィーン,gyaresu,0,12
ナイツオブクィーン,maatein,0,13
ナイツオブクィーン,nikku,0,14
ナイツオブクィーン,maikii,0,15
ナイツオブクィーン,biito,0,16
ジ・エンパイア,horuhe,0,1
ジ・エンパイア,teresu,0,2
ジ・エンパイア,furio,0,3
ジ・エンパイア,gorudo,0,4
ジ・エンパイア,ramon,0,5
ジ・エンパイア,esuteban,0,6
ジ・エンパイア,seruhio,0,7
ジ・エンパイア,roberuto,0,8
ジ・エンパイア,paburo,0,9
ジ・エンパイア,reoone,0,10
ジ・エンパイア,deiego,0,11
ジ・エンパイア,rioneru,0,12
ジ・エンパイア,Mario,0,13
ジ・エンパイア,erunan,0,14
ジ・エンパイア,heruman,0,15
ジ・エンパイア,rikarudo,0,16
ユニコーン,kiddo,0,1
ユニコーン,teddo,0,2
ユニコーン,tonii,0,3
ユニコーン,daiku,0,4
ユニコーン,Domon,0,5
ユニコーン,suteiibu,0,6
ユニコーン,Ichinose,0,7
ユニコーン,shoon,0,8
ユニコーン,maaku,0,9
ユニコーン,deiran,0,10
ユニコーン,mikeere,0,11
ユニコーン,arekkusu,0,12
ユニコーン,robu,0,13
ユニコーン,bobu,0,14
ユニコーン,samii,0,15
ユニコーン,edei,0,16
オルフェウス,buraaji,0,1
オルフェウス,bento,0,2
オルフェウス,Ottori,0,3
オルフェウス,Gattsu,0,4
オルフェウス,maruko,0,5
オルフェウス,anjero,0,6
オルフェウス,Hidenakata,0,7
オルフェウス,jojo,0,8
オルフェウス,Dante,0,9
オルフェウス,fyideio,0,10
オルフェウス,rafuaere,0,11
オルフェウス,daniere,0,12
オルフェウス,enriko,0,13
オルフェウス,aresando,0,14
オルフェウス,juzeppe,0,15
オルフェウス,janruka,0,16
ザ・キングダム,fuarukao,0,1
ザ・キングダム,ragaruuto,0,2
ザ・キングダム,baagure,0,3
ザ・キングダム,monsutoro,0,4
ザ・キングダム,fuorumiga,0,5
ザ・キングダム,pureza,0,6
ザ・キングダム,boruboreta,0,7
ザ・キングダム,korujia,0,8
ザ・キングダム,reonarudo,0,9
ザ・キングダム,roniijo,0,10
ザ・キングダム,Gato,0,11
ザ・キングダム,shabarii,0,12
ザ・キングダム,uruso,0,13
ザ・キングダム,kabaaro,0,14
ザ・キングダム,teigure,0,15
ザ・キングダム,guriro,0,16
リトルギガント,rokoko,0,1
リトルギガント,uindei,0,2
リトルギガント,uorutaa,0,3
リトルギガント,jinii,0,4
リトルギガント,maron,0,5
リトルギガント,shintei,0,6
リトルギガント,Yuumu,0,7
リトルギガント,kiito,0,8
リトルギガント,makishi,0,9
リトルギガント,Gooshu,0,10
リトルギガント,dorago,0,11
リトルギガント,keen,0,12
リトルギガント,makkooru,0,13
リトルギガント,meigaa,0,14
リトルギガント,Ryuu,0,15
リトルギガント,sukiddo,0,16
レッドマタドール,fyerumin,0,1
レッドマタドール,hose,0,2
レッドマタドール,rafuaeru,0,3
レッドマタドール,Antonio,0,4
レッドマタドール,kerarudo,0,5
レッドマタドール,hoan,0,6
レッドマタドール,igoru,0,7
レッドマタドール,mikeru,0,8
レッドマタドール,pedoro,0,9
レッドマタドール,samueru,0,10
レッドマタドール,dabi,0,11
レッドマタドール,fuan,0,12
レッドマタドール,isaaku,0,13
レッドマタドール,raudei,0,14
レッドマタドール,karurosu,0,15
レッドマタドール,fyederiko,0,16
ローズグリフォン,rajji,0,1
ローズグリフォン,pieeru,0,2
ローズグリフォン,migeru,0,3
ローズグリフォン,furantsu,0,4
ローズグリフォン,kebin,0,5
ローズグリフォン,rooran,0,6
ローズグリフォン,ronii,0,7
ローズグリフォン,sutefuan,0,8
ローズグリフォン,jurian,0,9
ローズグリフォン,jeroomu,0,10
ローズグリフォン,aran,0,11
ローズグリフォン,emiiru,0,12
ローズグリフォン,andore,0,13
ローズグリフォン,jan,0,14
ローズグリフォン,kuroodo,0,15
ローズグリフォン,misheru,0,16
ブロッケンボーグ,torusuten,0,1
ブロッケンボーグ,areku,0,2
ブロッケンボーグ,hainrihi,0,3
ブロッケンボーグ,kuruto,0,4
ブロッケンボーグ,ruuka,0,5
ブロッケンボーグ,teo,0,6
ブロッケンボーグ,yan,0,7
ブロッケンボーグ,nikurasu,0,8
ブロッケンボーグ,yonasu,0,9
ブロッケンボーグ,makishimu,0,10
ブロッケンボーグ,piitaa,0,11
ブロッケンボーグ,geru,0,12
ブロッケンボーグ,erubin,0,13
ブロッケンボーグ,iensu,0,14
ブロッケンボーグ,erun,0,15
ブロッケンボーグ,manueru,0,16
ザ・グレイトホーン,zorani,0,1
ザ・グレイトホーン,deinga,0,2
ザ・グレイトホーン,jeiku,0,3
ザ・グレイトホーン,muzonge,0,4
ザ・グレイトホーン,kashiasu,0,5
ザ・グレイトホーン,asooru,0,6
ザ・グレイトホーン,Abari,0,7
ザ・グレイトホーン,surani,0,8
ザ・グレイトホーン,rejii,0,9
ザ・グレイトホーン,nataru,0,10
ザ・グレイトホーン,muramuri,0,11
ザ・グレイトホーン,kenede,0,12
ザ・グレイトホーン,muburero,0,13
ザ・グレイトホーン,hezekieru,0,14
ザ・グレイトホーン,hyuu,0,15
ザ・グレイトホーン,tenba,0,16
天空の使徒,enoreru,0,1
天空の使徒,neneru,0,2
天空の使徒,generu,0,3
天空の使徒,ekaderu,0,4
天空の使徒,erufyeru,0,5
天空の使徒,sakineru,0,6
天空の使徒,uineru,0,7
天空の使徒,enueru,0,8
天空の使徒,aieru,0,9
天空の使徒,gyueeru,0,10
天空の使徒,Sein,0,11
天空の使徒,,0,12
天空の使徒,,0,13
天空の使徒,,0,14
天空の使徒,,0,15
天空の使徒,,0,16
魔界軍団Z,asutarosu,0,1
魔界軍団Z,beruzebu,0,2
魔界軍団Z,abigooru,0,3
魔界軍団Z,hebiimosu,0,4
魔界軍団Z,beriaru,0,5
魔界軍団Z,mefyisuto,0,6
魔界軍団Z,guraasha,0,7
魔界軍団Z,barubatosu,0,8
魔界軍団Z,arakunesu,0,9
魔界軍団Z,satanatosu,0,10
魔界軍団Z,Desuta,0,11
魔界軍団Z,,0,12
魔界軍団Z,,0,13
魔界軍団Z,,0,14
魔界軍団Z,,0,15
魔界軍団Z,,0,16
ダークエンジェル,asutarosu,0,1
ダークエンジェル,hebiimosu,0,2
ダークエンジェル,beruzebu,0,3
ダークエンジェル,neneru,0,4
ダークエンジェル,erufyeru,0,5
ダークエンジェル,mefyisuto,0,6
ダークエンジェル,satanatosu,0,7
ダークエンジェル,gyueeru,0,8
ダークエンジェル,uineru,0,9
ダークエンジェル,Desuta,0,10
ダークエンジェル,Sein,0,11
ダークエンジェル,,0,12
ダークエンジェル,,0,13
ダークエンジェル,,0,14
ダークエンジェル,,0,15
ダークエンジェル,,0,16
オーガ,zagomeru,0,1
オーガ,buboo,0,2
オーガ,geboo,0,3
オーガ,Daikko,0,4
オーガ,jinisukii,0,5
オーガ,Sandayuu,0,6
オーガ,dorahhe,0,7
オーガ,ikkasu,0,8
オーガ,esukaba,0,9
オーガ,badappu,0,10
オーガ,misutore,0,11
オーガ,,0,12
オーガ,,0,13
オーガ,,0,14
オーガ,,0,15
オーガ,,0,16
女子選抜チーム,Koi,0,1
女子選抜チーム,Matoro,0,2
女子選抜チーム,Kouko,0,3
女子選抜チーム,Harumi,0,4
女子選抜チーム,Hikari,0,5
女子選抜チーム,Kyan,0,6
女子選抜チーム,Touko,0,7
女子選抜チーム,Araya,0,8
女子選抜チーム,Hiromi,0,9
女子選抜チーム,rika,0,10
女子選抜チーム,Takanashi,0,11
女子選抜チーム,Tomoe,0,12
女子選抜チーム,Sango,0,13
女子選抜チーム,Mako,0,14
女子選抜チーム,sarii,0,15
女子選抜チーム,Mai,0,16
アジア代表,naseru,0,1
アジア代表,seido,0,2
アジア代表,yusufu,0,3
アジア代表,kuraaken,0,4
アジア代表,taatoru,0,5
アジア代表,biyon,0,6
アジア代表,dorufyin,0,7
アジア代表,zakku,0,8
アジア代表,afurodi,0,9
アジア代表,chansuu,0,10
アジア代表,riifu,0,11
アジア代表,Jinbei,0,12
アジア代表,umyan,0,13
アジア代表,baan,0,14
アジア代表,gazeru,0,15
アジア代表,douyun,0,16
ネオジャパン改,Genou,0,1
ネオジャパン改,Jimon,0,2
ネオジャパン改,zoohan,0,3
ネオジャパン改,Gouin,0,4
ネオジャパン改,Narukami,0,5
ネオジャパン改,Arata,0,6
ネオジャパン改,Saginuma,0,7
ネオジャパン改,Kirigakure,0,8
ネオジャパン改,Yuukoku,0,9
ネオジャパン改,uiizu,0,10
ネオジャパン改,zeru,0,11
ネオジャパン改,hiito,0,12
ネオジャパン改,Tsutomu,0,13
ネオジャパン改,Hera,0,14
ネオジャパン改,Makiya,0,15
ネオジャパン改,demeteru,0,16
ウラゼウス,Poseidon,0,1
ウラゼウス,aporon,0,2
ウラゼウス,hepaisu,0,3
ウラゼウス,aresu,0,4
ウラゼウス,Dio,0,5
ウラゼウス,arutemisu,0,6
ウラゼウス,herumesu,0,7
ウラゼウス,atena,0,8
ウラゼウス,demeteru,0,9
ウラゼウス,afurodi,0,10
ウラゼウス,Hera,0,11
ウラゼウス,ikarosu,0,12
ウラゼウス,akiresu,0,13
ウラゼウス,herakuresu,0,14
ウラゼウス,kuronosu,0,15
ウラゼウス,Medusa,0,16
アジア選抜,jonsu,0,1
アジア選抜,jameru,0,2
アジア選抜,uootaa,0,3
アジア選抜,sonfuan,0,4
アジア選抜,biichi,0,5
アジア選抜,fuaru,0,6
アジア選抜,messaa,0,7
アジア選抜,surai,0,8
アジア選抜,joozu,0,9
アジア選抜,saafyin,0,10
アジア選抜,majidei,0,11
アジア選抜,pekuyon,0,12
アジア選抜,un'yon,0,13
アジア選抜,myonho,0,14
アジア選抜,anguraa,0,15
アジア選抜,shiihoosu,0,16
ヨーロッパ選抜,furedei,0,1
ヨーロッパ選抜,deebiddo,0,2
ヨーロッパ選抜,Ottori,0,3
ヨーロッパ選抜,anjero,0,4
ヨーロッパ選抜,pooru,0,5
ヨーロッパ選抜,Gattsu,0,6
ヨーロッパ選抜,janruka,0,7
ヨーロッパ選抜,aran,0,8
ヨーロッパ選抜,piitaa,0,9
ヨーロッパ選抜,nikurasu,0,10
ヨーロッパ選抜,dabi,0,11
ヨーロッパ選抜,igoru,0,12
ヨーロッパ選抜,hoan,0,13
ヨーロッパ選抜,rajji,0,14
ヨーロッパ選抜,makishimu,0,15
ヨーロッパ選抜,ronii,0,16
グループA選抜,Endou,0,1
グループA選抜,teresu,0,2
グループA選抜,ramon,0,3
グループA選抜,ransu,0,4
グループA選抜,esuteban,0,5
グループA選抜,maruko,0,6
グループA選抜,fyirippu,0,7
グループA選抜,maaku,0,8
グループA選抜,Kidou,0,9
グループA選抜,edogaa,0,10
グループA選抜,fyideio,0,11
グループA選抜,Gouenji,0,12
グループA選抜,deiran,0,13
グループA選抜,tonii,0,14
グループA選抜,buraaji,0,15
グループA選抜,,0,16
南米選抜,rioneru,0,1
南米選抜,erunan,0,2
南米選抜,gorudo,0,3
南米選抜,baagure,0,4
南米選抜,monsutoro,0,5
南米選抜,esuteban,0,6
南米選抜,deiego,0,7
南米選抜,rikarudo,0,8
南米選抜,boruboreta,0,9
南米選抜,Mario,0,10
南米選抜,teigure,0,11
南米選抜,shabarii,0,12
南米選抜,uruso,0,13
南米選抜,kabaaro,0,14
南米選抜,heruman,0,15
南米選抜,guriro,0,16
アメリカ大陸選抜,horuhe,0,1
アメリカ大陸選抜,teresu,0,2
アメリカ大陸選抜,gorudo,0,3
アメリカ大陸選抜,tonii,0,4
アメリカ大陸選抜,monsutoro,0,5
アメリカ大陸選抜,paburo,0,6
アメリカ大陸選抜,reonarudo,0,7
アメリカ大陸選抜,reoone,0,8
アメリカ大陸選抜,mikeere,0,9
アメリカ大陸選抜,deiran,0,10
アメリカ大陸選抜,deiego,0,11
アメリカ大陸選抜,roniijo,0,12
アメリカ大陸選抜,Ichinose,0,13
アメリカ大陸選抜,fuarukao,0,14
アメリカ大陸選抜,maaku,0,15
アメリカ大陸選抜,Domon,0,16
稲妻KFC改,Hiroto,0,1
稲妻KFC改,Kaito,0,2
稲妻KFC改,Ryouta,0,3
稲妻KFC改,Itsuki,0,4
稲妻KFC改,Souta,0,5
稲妻KFC改,Haru,0,6
稲妻KFC改,Terasaka,0,7
稲妻KFC改,Sora,0,8
稲妻KFC改,Ryuusuke,0,9
稲妻KFC改,Rikuto,0,10
稲妻KFC改,Mako,0,11
稲妻KFC改,,0,12
稲妻KFC改,,0,13
稲妻KFC改,,0,14
稲妻KFC改,,0,15
稲妻KFC改,,0,16
イナズマジャパン,Endou,0,1
イナズマジャパン,Kazemaru,0,2
イナズマジャパン,Kabeyama,0,3
イナズマジャパン,Tsunami,0,4
イナズマジャパン,Fudou,0,5
イナズマジャパン,Kidou,0,6
イナズマジャパン,Raiden,0,7
イナズマジャパン,Toramaru,0,8
イナズマジャパン,Hiroto,0,9
イナズマジャパン,Gouenji,0,10
イナズマジャパン,Fubuki,0,11
イナズマジャパン,Tachimukai,0,12
イナズマジャパン,Kogure,0,13
イナズマジャパン,Tobitaka,0,14
イナズマジャパン,Sakuma,0,15
イナズマジャパン,Someoka,0,16
ドッペルズ,Takeshi,0,1
ドッペルズ,Kazemaru,0,2
ドッペルズ,Fubuki,0,3
ドッペルズ,Saginuma,0,4
ドッペルズ,Kidou,0,5
ドッペルズ,Kidou,1,6
ドッペルズ,Hiroto,0,7
ドッペルズ,reeze,0,8
ドッペルズ,Fubuki,1,9
ドッペルズ,Midorikawa,0,10
ドッペルズ,dezaamu,0,11
ドッペルズ,guran,0,12
ドッペルズ,Kazemaru,1,13
ドッペルズ,Someoka,0,14
ドッペルズ,Someoka,1,15
ドッペルズ,Takeshi,1,16
ザ・ウッズ,Kakita,0,1
ザ・ウッズ,mooru,0,2
ザ・ウッズ,sumisu,0,3
ザ・ウッズ,Kogure,0,4
ザ・ウッズ,berudeio,0,5
ザ・ウッズ,Otomura,0,6
ザ・ウッズ,Ichinose,0,7
ザ・ウッズ,afurodi,0,8
ザ・ウッズ,maaku,0,9
ザ・ウッズ,edogaa,0,10
ザ・ウッズ,fyideio,0,11
ザ・ウッズ,keen,0,12
ザ・ウッズ,bafuaro,0,13
ザ・ウッズ,janruka,0,14
ザ・ウッズ,Yuumu,0,15
ザ・ウッズ,roaru,0,16
ザ・マウンテンズ,tararu,0,1
ザ・マウンテンズ,Makiya,0,2
ザ・マウンテンズ,uorutaa,0,3
ザ・マウンテンズ,jameru,0,4
ザ・マウンテンズ,Yoneyama,0,5
ザ・マウンテンズ,Harano,0,6
ザ・マウンテンズ,guringo,0,7
ザ・マウンテンズ,kurabu,0,8
ザ・マウンテンズ,sonjun,0,9
ザ・マウンテンズ,fyirippu,0,10
ザ・マウンテンズ,rafuaere,0,11
ザ・マウンテンズ,indeigo,0,12
ザ・マウンテンズ,Ishiyama,0,13
ザ・マウンテンズ,Yukino,0,14
ザ・マウンテンズ,Isshiki,0,15
ザ・マウンテンズ,teo,0,16
ザ・キーパーズ,torusuten,0,1
ザ・キーパーズ,gorureo,0,2
ザ・キーパーズ,Tetsukabe,0,3
ザ・キーパーズ,Mashimo,0,4
ザ・キーパーズ,Okinoshima,0,5
ザ・キーパーズ,Miyachi,0,6
ザ・キーパーズ,Hanae,0,7
ザ・キーパーズ,Hakoda,0,8
ザ・キーパーズ,geru,0,9
ザ・キーパーズ,hyuu,0,10
ザ・キーパーズ,rokoko,0,11
ザ・キーパーズ,fuan,0,12
ザ・キーパーズ,buraaji,0,13
ザ・キーパーズ,emiiru,0,14
ザ・キーパーズ,zorani,0,15
ザ・キーパーズ,Juuzou,0,16
なりきり戦隊,ieroo,0,1
なりきり戦隊,guriin,0,2
なりきり戦隊,guriinS,0,3
なりきり戦隊,guriinD,0,4
なりきり戦隊,buruuS,0,5
なりきり戦隊,pinkuS,0,6
なりきり戦隊,buruu,0,7
なりきり戦隊,pinku,0,8
なりきり戦隊,pinkuD,0,9
なりきり戦隊,reddo,0,10
なりきり戦隊,reddoＤ,0,11
なりきり戦隊,ierooD,0,12
なりきり戦隊,ierooS,0,13
なりきり戦隊,buruuD,0,14
なりきり戦隊,reddoＳ,0,15
なりきり戦隊,,0,16
南米代表,horuhe,0,1
南米代表,furio,0,2
南米代表,ramon,0,3
南米代表,paburo,0,4
南米代表,roberuto,0,5
南米代表,teresu,0,6
南米代表,reoone,0,7
南米代表,seruhio,0,8
南米代表,roniijo,0,9
南米代表,korujia,0,10
南米代表,Gato,0,11
南米代表,reonarudo,0,12
南米代表,pureza,0,13
南米代表,fuorumiga,0,14
南米代表,ragaruuto,0,15
南米代表,fuarukao,0,16
ヨーロッパ代表,buraaji,0,1
ヨーロッパ代表,pieeru,0,2
ヨーロッパ代表,ransu,0,3
ヨーロッパ代表,maruko,0,4
ヨーロッパ代表,ruuka,0,5
ヨーロッパ代表,areku,0,6
ヨーロッパ代表,fyideio,0,7
ヨーロッパ代表,jurian,0,8
ヨーロッパ代表,samueru,0,9
ヨーロッパ代表,edogaa,0,10
ヨーロッパ代表,fyirippu,0,11
ヨーロッパ代表,rooran,0,12
ヨーロッパ代表,fyerumin,0,13
ヨーロッパ代表,rafuaere,0,14
ヨーロッパ代表,mikeru,0,15
ヨーロッパ代表,yonasu,0,16
グループB選抜,rokoko,0,1
グループB選抜,uindei,0,2
グループB選抜,areku,0,3
グループB選抜,pieeru,0,4
グループB選抜,rooran,0,5
グループB選抜,yonasu,0,6
グループB選抜,boruboreta,0,7
グループB選抜,mikeru,0,8
グループB選抜,samueru,0,9
グループB選抜,roniijo,0,10
グループB選抜,Gato,0,11
グループB選抜,dorago,0,12
グループB選抜,fyerumin,0,13
グループB選抜,ruuka,0,14
グループB選抜,jurian,0,15
グループB選抜,,0,16
アフリカ代表,zorani,0,1
アフリカ代表,uindei,0,2
アフリカ代表,jinii,0,3
アフリカ代表,muzonge,0,4
アフリカ代表,kashiasu,0,5
アフリカ代表,shintei,0,6
アフリカ代表,makishi,0,7
アフリカ代表,Abari,0,8
アフリカ代表,asooru,0,9
アフリカ代表,dorago,0,10
アフリカ代表,muramuri,0,11
アフリカ代表,hezekieru,0,12
アフリカ代表,rokoko,0,13
アフリカ代表,maron,0,14
アフリカ代表,Yuumu,0,15
アフリカ代表,rejii,0,16
世界代表,rokoko,0,1
世界代表,biyon,0,2
世界代表,areku,0,3
世界代表,muzonge,0,4
世界代表,teresu,0,5
世界代表,chansuu,0,6
世界代表,dorufyin,0,7
世界代表,roniijo,0,8
世界代表,fyideio,0,9
世界代表,maaku,0,10
世界代表,edogaa,0,11
世界代表,mikeru,0,12
世界代表,jurian,0,13
世界代表,afurodi,0,14
世界代表,buraaji,0,15
世界代表,jinii,0,16
ザ・フォワーズ,Gato,0,1
ザ・フォワーズ,nataru,0,2
ザ・フォワーズ,piitaa,0,3
ザ・フォワーズ,Mangaka,0,4
ザ・フォワーズ,Sakuma,0,5
ザ・フォワーズ,dorago,0,6
ザ・フォワーズ,roniijo,0,7
ザ・フォワーズ,riifu,0,8
ザ・フォワーズ,edogaa,0,9
ザ・フォワーズ,baan,0,10
ザ・フォワーズ,sonjun,0,11
ザ・フォワーズ,gazeru,0,12
ザ・フォワーズ,Someoka,0,13
ザ・フォワーズ,misheru,0,14
ザ・フォワーズ,Shiki,0,15
ザ・フォワーズ,Tanushimaru,0,16
スーパー大阪CCC,Koi,0,1
スーパー大阪CCC,Kouko,0,2
スーパー大阪CCC,Michiko,0,3
スーパー大阪CCC,Harumi,0,4
スーパー大阪CCC,Katsuyo,0,5
スーパー大阪CCC,Hiromi,0,6
スーパー大阪CCC,Nokko,0,7
スーパー大阪CCC,Hanako,0,8
スーパー大阪CCC,Mari,0,9
スーパー大阪CCC,rika,0,10
スーパー大阪CCC,Reika,0,11
スーパー大阪CCC,,0,12
スーパー大阪CCC,,0,13
スーパー大阪CCC,,0,14
スーパー大阪CCC,,0,15
スーパー大阪CCC,,0,16
チーム・カノン,ierooD,0,1
チーム・カノン,guriinD,0,2
チーム・カノン,Zaihou,0,3
チーム・カノン,buruuD,0,4
チーム・カノン,pinkuD,0,5
チーム・カノン,gorudo,0,6
チーム・カノン,ieroo,0,7
チーム・カノン,pinku,0,8
チーム・カノン,reddo,0,9
チーム・カノン,kanon,0,10
チーム・カノン,reddoＤ,0,11
チーム・カノン,,0,12
チーム・カノン,,0,13
チーム・カノン,,0,14
チーム・カノン,,0,15
チーム・カノン,,0,16
タカビーズ,kuiin,0,1
タカビーズ,mooru,0,2
タカビーズ,baara,0,3
タカビーズ,kurara,0,4
タカビーズ,Pandora,0,5
タカビーズ,kuriputo,0,6
タカビーズ,kyiiru,0,7
タカビーズ,Rean,0,8
タカビーズ,makyua,0,9
タカビーズ,Maihime,0,10
タカビーズ,riimu,0,11
タカビーズ,Takanashi,0,12
タカビーズ,urubida,0,13
タカビーズ,aishii,0,14
タカビーズ,rioone,0,15
タカビーズ,kiibu,0,16
アダルトチーム,Yaono,0,1
アダルトチーム,sumisu,0,2
アダルトチーム,Tome,0,3
アダルトチーム,Kotsuban,0,4
アダルトチーム,Shittou,0,5
アダルトチーム,Sakite,0,6
アダルトチーム,Ootama,0,7
アダルトチーム,Gokuhi,0,8
アダルトチーム,Kisoku,0,9
アダルトチーム,Mai,0,10
アダルトチーム,Kagami,0,11
アダルトチーム,,0,12
アダルトチーム,,0,13
アダルトチーム,,0,14
アダルトチーム,,0,15
アダルトチーム,,0,16
イナズマタウンズ,Yaono,0,1
イナズマタウンズ,Tome,0,2
イナズマタウンズ,Ootama,0,3
イナズマタウンズ,Goinkyo,0,4
イナズマタウンズ,Haru,0,5
イナズマタウンズ,Yasunaga,0,6
イナズマタウンズ,Tachino,0,7
イナズマタウンズ,Demae,0,8
イナズマタウンズ,Ryuusuke,0,9
イナズマタウンズ,sarii,0,10
イナズマタウンズ,Jou,0,11
イナズマタウンズ,Mako,0,12
イナズマタウンズ,Mizuguchi,0,13
イナズマタウンズ,Chaki,0,14
イナズマタウンズ,Sayaka,0,15
イナズマタウンズ,Terasaka,0,16
アンダー12,rokoko,0,1
アンダー12,Kaito,0,2
アンダー12,Itsuki,0,3
アンダー12,Souta,0,4
アンダー12,Terasaka,0,5
アンダー12,Aoshima,0,6
アンダー12,Hasebe,0,7
アンダー12,Rikuto,0,8
アンダー12,Ryuusuke,0,9
アンダー12,Toramaru,0,10
アンダー12,Mako,0,11
アンダー12,Hiroto,0,12
アンダー12,Ryouta,0,13
アンダー12,Haru,0,14
アンダー12,Sora,0,15
アンダー12,Ooshima,0,16
ザ・ウインディーズ,Kazamukai,0,1
ザ・ウインディーズ,faren,0,2
ザ・ウインディーズ,Hazekura,0,3
ザ・ウインディーズ,Konpeito,0,4
ザ・ウインディーズ,Hayate,0,5
ザ・ウインディーズ,rioone,0,6
ザ・ウインディーズ,anjero,0,7
ザ・ウインディーズ,Kazemaru,0,8
ザ・ウインディーズ,Fubuki,0,9
ザ・ウインディーズ,Retsuto,0,10
ザ・ウインディーズ,zeru,0,11
ザ・ウインディーズ,Jinbei,0,12
ザ・ウインディーズ,doragon,0,13
ザ・ウインディーズ,gazeru,0,14
ザ・ウインディーズ,kyaputen,0,15
ザ・ウインディーズ,bianka,0,16
ザ・ミッズ,Dante,0,1
ザ・ミッズ,Doumen,0,2
ザ・ミッズ,Pandora,0,3
ザ・ミッズ,Touko,0,4
ザ・ミッズ,dorufyin,0,5
ザ・ミッズ,rajabu,0,6
ザ・ミッズ,chansuu,0,7
ザ・ミッズ,jarro,0,8
ザ・ミッズ,urubida,0,9
ザ・ミッズ,demoonio,0,10
ザ・ミッズ,janruka,0,11
ザ・ミッズ,shintei,0,12
ザ・ミッズ,korujia,0,13
ザ・ミッズ,ronii,0,14
ザ・ミッズ,rejii,0,15
ザ・ミッズ,Miira,0,16
ゾディアックス,sukopiusu,0,1
ゾディアックス,kyansaa,0,2
ゾディアックス,akua,0,3
ゾディアックス,ariesu,0,4
ゾディアックス,jemini,0,5
ゾディアックス,raibura,0,6
ゾディアックス,kapurikon,0,7
ゾディアックス,sajitari,0,8
ゾディアックス,taurusu,0,9
ゾディアックス,vuaago,0,10
ゾディアックス,reo,0,11
ゾディアックス,pisukesu,0,12
ゾディアックス,,0,13
ゾディアックス,,0,14
ゾディアックス,,0,15
ゾディアックス,,0,16
ネオ帝国,Genou,1,1
ネオ帝国,Daiden,0,2
ネオ帝国,Gouin,0,3
ネオ帝国,Iyatani,0,4
ネオ帝国,Taiya,0,5
ネオ帝国,Fudou,1,6
ネオ帝国,Henmi,0,7
ネオ帝国,Doumen,0,8
ネオ帝国,Jimon,0,9
ネオ帝国,Kidou,0,10
ネオ帝国,Sakuma,1,11
ネオ帝国,,0,12
ネオ帝国,,0,13
ネオ帝国,,0,14
ネオ帝国,,0,15
ネオ帝国,,0,16
エイリアA,gorureo,0,1
エイリアA,kenbiru,0,2
エイリアA,ganimede,0,3
エイリアA,kiibu,0,4
エイリアA,Pandora,0,5
エイリアA,fadora,0,6
エイリアA,kooma,0,7
エイリアA,kyiiru,0,8
エイリアA,riimu,0,9
エイリアA,urubida,0,10
エイリアA,zeru,0,11
エイリアA,,0,12
エイリアA,,0,13
エイリアA,,0,14
エイリアA,,0,15
エイリアA,,0,16
エイリアB,dezaamu,0,1
エイリアB,koraru,0,2
エイリアB,mooru,0,3
エイリアB,gigu,0,4
エイリアB,uiizu,0,5
エイリアB,kuriputo,0,6
エイリアB,diamu,0,7
エイリアB,suoomu,0,8
エイリアB,reeze,0,9
エイリアB,aaku,0,10
エイリアB,guran,0,11
エイリアB,,0,12
エイリアB,,0,13
エイリアB,,0,14
エイリアB,,0,15
エイリアB,,0,16
神と宇宙,Poseidon,0,1
神と宇宙,hepaisu,0,2
神と宇宙,geiru,0,3
神と宇宙,zoohan,0,4
神と宇宙,hauzaa,0,5
神と宇宙,guran,0,6
神と宇宙,kyiiru,0,7
神と宇宙,urubida,0,8
神と宇宙,afurodi,0,9
神と宇宙,demeteru,0,10
神と宇宙,herumesu,0,11
神と宇宙,,0,12
神と宇宙,,0,13
神と宇宙,,0,14
神と宇宙,,0,15
神と宇宙,,0,16
キャッピキャピA,Koi,0,1
キャッピキャピA,Kouko,0,2
キャッピキャピA,Michiko,0,3
キャッピキャピA,Tome,0,4
キャッピキャピA,Sayaka,0,5
キャッピキャピA,Ootama,0,6
キャッピキャピA,Ritsuko,0,7
キャッピキャピA,Hiromi,0,8
キャッピキャピA,Reika,0,9
キャッピキャピA,Mako,0,10
キャッピキャピA,sarii,0,11
キャッピキャピA,,0,12
キャッピキャピA,,0,13
キャッピキャピA,,0,14
キャッピキャピA,,0,15
キャッピキャピA,,0,16
リトルチーム,Tamagorou,0,1
リトルチーム,Shourin,0,2
リトルチーム,Ryouta,0,3
リトルチーム,Konpeito,0,4
リトルチーム,kokona,0,5
リトルチーム,guringo,0,6
リトルチーム,Doumen,0,7
リトルチーム,Kyan,0,8
リトルチーム,Sae,0,9
リトルチーム,Yokomichi,0,10
リトルチーム,Hiramoto,0,11
リトルチーム,,0,12
リトルチーム,,0,13
リトルチーム,,0,14
リトルチーム,,0,15
リトルチーム,,0,16
スーパーアニマルズ,Ushi,0,1
スーパーアニマルズ,raion,0,2
スーパーアニマルズ,Kamonohashi,0,3
スーパーアニマルズ,kangaruu,0,4
スーパーアニマルズ,Fukuroguma,0,5
スーパーアニマルズ,Nekono,0,6
スーパーアニマルズ,Washi,0,7
スーパーアニマルズ,koara,0,8
スーパーアニマルズ,Hitsuji,0,9
スーパーアニマルズ,Panda,0,10
スーパーアニマルズ,Kawase,0,11
スーパーアニマルズ,chiitaa,0,12
スーパーアニマルズ,wanchan,0,13
スーパーアニマルズ,biisuto,0,14
スーパーアニマルズ,haundo,0,15
スーパーアニマルズ,Harinezumi,0,16
FF地区選抜B,aidoru,0,1
FF地区選抜B,tecchan,0,2
FF地区選抜B,furanken,0,3
FF地区選抜B,Nori,0,4
FF地区選抜B,Yanagida,0,5
FF地区選抜B,Iwao,0,6
FF地区選抜B,Sakiyama,0,7
FF地区選抜B,Doumen,0,8
FF地区選抜B,Mangaka,0,9
FF地区選抜B,Hebi,0,10
FF地区選抜B,gorira,0,11
FF地区選抜B,,0,12
FF地区選抜B,,0,13
FF地区選抜B,,0,14
FF地区選抜B,,0,15
FF地区選抜B,,0,16
FF全国選抜B,Ayano,0,1
FF全国選抜B,Sumino,0,2
FF全国選抜B,Serizawa,0,3
FF全国選抜B,Makiya,0,4
FF全国選抜B,Goemon,0,5
FF全国選抜B,Masaru,0,6
FF全国選抜B,Kouga,0,7
FF全国選抜B,Tsutomu,0,8
FF全国選抜B,afurodi,0,9
FF全国選抜B,Fuuma,0,10
FF全国選抜B,Sarutobi,0,11
FF全国選抜B,,0,12
FF全国選抜B,,0,13
FF全国選抜B,,0,14
FF全国選抜B,,0,15
FF全国選抜B,,0,16
全国チーム選抜B,Hakoda,0,1
全国チーム選抜B,Yukino,0,2
全国チーム選抜B,Akamine,0,3
全国チーム選抜B,Matoro,0,4
全国チーム選抜B,Matsurida,0,5
全国チーム選抜B,Kyan,0,6
全国チーム選抜B,Michihata,0,7
全国チーム選抜B,Komusou,0,8
全国チーム選抜B,Retsuto,0,9
全国チーム選抜B,Koja,0,10
全国チーム選抜B,Kitami,0,11
全国チーム選抜B,,0,12
全国チーム選抜B,,0,13
全国チーム選抜B,,0,14
全国チーム選抜B,,0,15
全国チーム選抜B,,0,16
チーム東日本,Niigata,0,1
チーム東日本,Iwate,0,2
チーム東日本,Miyagi,0,3
チーム東日本,Gunma,0,4
チーム東日本,Yamanashi,0,5
チーム東日本,Tochigi,0,6
チーム東日本,Chiba,0,7
チーム東日本,Saitama,0,8
チーム東日本,Akita,0,9
チーム東日本,Ibaraki,0,10
チーム東日本,Shizuoka,0,11
チーム東日本,Kanagawa,0,12
チーム東日本,Aomori,0,13
チーム東日本,Yamagata,0,14
チーム東日本,Gifu,0,15
チーム東日本,Fukushima,0,16
日本代表候補B,Tachimukai,0,1
日本代表候補B,Kazemaru,0,2
日本代表候補B,Kazuto,0,3
日本代表候補B,Kogure,0,4
日本代表候補B,Kurimatsu,0,5
日本代表候補B,shadou,0,6
日本代表候補B,Toramaru,0,7
日本代表候補B,Fudou,0,8
日本代表候補B,Midorikawa,0,9
日本代表候補B,Gouenji,0,10
日本代表候補B,Kidou,0,11
日本代表候補B,,0,12
日本代表候補B,,0,13
日本代表候補B,,0,14
日本代表候補B,,0,15
日本代表候補B,,0,16
ファースト雷門,Endou,0,1
ファースト雷門,Kazemaru,0,2
ファースト雷門,Kabeyama,0,3
ファースト雷門,Jin,0,4
ファースト雷門,Kurimatsu,0,5
ファースト雷門,Handa,0,6
ファースト雷門,Shourin,0,7
ファースト雷門,Shishido,0,8
ファースト雷門,makkusu,0,9
ファースト雷門,Gouenji,0,10
ファースト雷門,Someoka,0,11
ファースト雷門,Megane,0,12
ファースト雷門,,0,13
ファースト雷門,,0,14
ファースト雷門,,0,15
ファースト雷門,,0,16
リアル・エイリア,Nero,0,1
リアル・エイリア,gigu,0,2
リアル・エイリア,mooru,0,3
リアル・エイリア,kiibu,0,4
リアル・エイリア,Pandora,0,5
リアル・エイリア,fadora,0,6
リアル・エイリア,guringo,0,7
リアル・エイリア,urubida,0,8
リアル・エイリア,baan,1,9
リアル・エイリア,gazeru,1,10
リアル・エイリア,zeru,0,11
リアル・エイリア,dezaamu,0,12
リアル・エイリア,reeze,0,13
リアル・エイリア,guran,0,14
リアル・エイリア,neppaa,0,15
リアル・エイリア,rioone,0,16
影山オールスター,Poseidon,0,1
影山オールスター,aresu,0,2
影山オールスター,Dio,0,3
影山オールスター,aporon,0,4
影山オールスター,hepaisu,0,5
影山オールスター,Kidou,0,6
影山オールスター,Meza,0,7
影山オールスター,Takanashi,0,8
影山オールスター,Hie,0,9
影山オールスター,Fudou,1,10
影山オールスター,afurodi,0,11
影山オールスター,,0,12
影山オールスター,,0,13
影山オールスター,,0,14
影山オールスター,,0,15
影山オールスター,,0,16
アナザーカオス,beruga,0,1
アナザーカオス,aikyuu,0,2
アナザーカオス,bakuree,0,3
アナザーカオス,satosu,0,4
アナザーカオス,aishii,0,5
アナザーカオス,baren,0,6
アナザーカオス,Rean,0,7
アナザーカオス,Bonitona,0,8
アナザーカオス,burou,0,9
アナザーカオス,furosuto,0,10
アナザーカオス,saiden,0,11
アナザーカオス,,0,12
アナザーカオス,,0,13
アナザーカオス,,0,14
アナザーカオス,,0,15
アナザーカオス,,0,16
ピストンベリーズ,kyapu,0,1
ピストンベリーズ,Ei,0,2
ピストンベリーズ,piichicchi,0,3
ピストンベリーズ,Hide,0,4
ピストンベリーズ,Rishako,0,5
ピストンベリーズ,ebiriina,0,6
ピストンベリーズ,Hiroshi,0,7
ピストンベリーズ,chikiita,0,8
ピストンベリーズ,tonniino,0,9
ピストンベリーズ,Miiya,0,10
ピストンベリーズ,kemushi,0,11
ピストンベリーズ,Yurina,0,12
ピストンベリーズ,Maa,0,13
ピストンベリーズ,chiichan,0,14
ピストンベリーズ,maimai,0,15
ピストンベリーズ,,0,16
十二天王,Byakko,0,1
十二天王,soodo,0,2
十二天王,kuroobaa,0,3
十二天王,haato,0,4
十二天王,daia,0,5
十二天王,Seiryuu,0,6
十二天王,Genbu,0,7
十二天王,Suzaku,0,8
十二天王,kyaputen,0,9
十二天王,Kaoru,0,10
十二天王,Karen,0,11
十二天王,pieroonu,0,12
十二天王,,0,13
十二天王,,0,14
十二天王,,0,15
十二天王,,0,16
ザ・カード,Yamafuda,0,1
ザ・カード,Tokushu,0,2
ザ・カード,Shippuu,0,3
ザ・カード,Kirarea,0,4
ザ・カード,Soshiki,0,5
ザ・カード,puromo,0,6
ザ・カード,Otonagai,0,7
ザ・カード,Sutefuda,0,8
ザ・カード,Nekketsu,0,9
ザ・カード,Seita,0,10
ザ・カード,shadou,0,11
ザ・カード,cheaman,0,12
ザ・カード,kaado,0,13
ザ・カード,fairu,0,14
ザ・カード,pakku,0,15
ザ・カード,,0,16
チャンピオンズ,Tachimukai,0,1
チャンピオンズ,kaado,0,2
チャンピオンズ,Suzaku,0,3
チャンピオンズ,kokona,0,4
チャンピオンズ,Nishigaki,0,5
チャンピオンズ,aishii,0,6
チャンピオンズ,Touko,0,7
チャンピオンズ,afurodi,0,8
チャンピオンズ,Masato,0,9
チャンピオンズ,gazeru,1,10
チャンピオンズ,baan,1,11
チャンピオンズ,Byakko,0,12
チャンピオンズ,guran,0,13
チャンピオンズ,kyaputen,0,14
チャンピオンズ,Fubuki,0,15
チャンピオンズ,,0,16
イナズマ’10,buraaji,0,1
イナズマ’10,azuberu,0,2
イナズマ’10,Domon,0,3
イナズマ’10,teresu,0,4
イナズマ’10,henku,0,5
イナズマ’10,dorufyin,0,6
イナズマ’10,rajabu,0,7
イナズマ’10,afurodi,0,8
イナズマ’10,chansuu,0,9
イナズマ’10,edogaa,0,10
イナズマ’10,fyideio,0,11
イナズマ’10,rokoko,0,12
イナズマ’10,uindei,0,13
イナズマ’10,Ichinose,0,14
イナズマ’10,demoonio,0,15
イナズマ’10,dorago,0,16
世界選抜,horuhe,0,1
世界選抜,seido,0,2
世界選抜,umyan,0,3
世界選抜,ransu,0,4
世界選抜,korujia,0,5
世界選抜,monsutoro,0,6
世界選抜,deiran,0,7
世界選抜,rafuaere,0,8
世界選抜,riifu,0,9
世界選抜,demoonio,0,10
世界選抜,dorago,0,11
世界選抜,pieeru,0,12
世界選抜,samueru,0,13
世界選抜,torusuten,0,14
世界選抜,Abari,0,15
世界選抜,maruko,0,16
Ｏ・Ｔ・Ａ・Ｋ・Ｕ,aidoru,0,1
Ｏ・Ｔ・Ａ・Ｋ・Ｕ,Kawata,0,2
Ｏ・Ｔ・Ａ・Ｋ・Ｕ,kosupure,0,3
Ｏ・Ｔ・Ａ・Ｋ・Ｕ,Jisakuha,0,4
Ｏ・Ｔ・Ａ・Ｋ・Ｕ,deebiddo,0,5
Ｏ・Ｔ・Ａ・Ｋ・Ｕ,noberu,0,6
Ｏ・Ｔ・Ａ・Ｋ・Ｕ,Hikari,0,7
Ｏ・Ｔ・Ａ・Ｋ・Ｕ,Megane,0,8
Ｏ・Ｔ・Ａ・Ｋ・Ｕ,Kazuto,0,9
Ｏ・Ｔ・Ａ・Ｋ・Ｕ,geemuki,0,10
Ｏ・Ｔ・Ａ・Ｋ・Ｕ,Komatsu,0,11
Ｏ・Ｔ・Ａ・Ｋ・Ｕ,Shoukou,0,12
Ｏ・Ｔ・Ａ・Ｋ・Ｕ,tecchan,0,13
Ｏ・Ｔ・Ａ・Ｋ・Ｕ,hiiroo,0,14
Ｏ・Ｔ・Ａ・Ｋ・Ｕ,Mangaka,0,15
Ｏ・Ｔ・Ａ・Ｋ・Ｕ,Robo,0,16
元祖･野球部,Subaru,0,1
元祖･野球部,Kyuuji,0,2
元祖･野球部,Kakigawa,0,3
元祖･野球部,Kanae,0,4
元祖･野球部,Nakazono,0,5
元祖･野球部,Oobayashi,0,6
元祖･野球部,Takagi,0,7
元祖･野球部,Kouko,0,8
元祖･野球部,Tamada,0,9
元祖･野球部,Terai,0,10
元祖･野球部,Kabe,0,11
元祖･野球部,Sorahara,0,12
元祖･野球部,Hiroaki,0,13
元祖･野球部,Sakata,0,14
元祖･野球部,sonfuan,0,15
元祖･野球部,Chouno,0,16
スピードスター,Yonkitou,0,1
スピードスター,choppaa,0,2
スピードスター,motokurosu,0,3
スピードスター,Taikyuu,0,4
スピードスター,rarii,0,5
スピードスター,Kawawa,0,6
スピードスター,metto,0,7
スピードスター,tsuuringu,0,8
スピードスター,Inano,0,9
スピードスター,toraiaru,0,10
スピードスター,suupaa,0,11
スピードスター,reesu,0,12
スピードスター,,0,13
スピードスター,,0,14
スピードスター,,0,15
スピードスター,,0,16
FF地区選抜Ａ,Juuzou,0,1
FF地区選抜Ａ,Sanzu,0,2
FF地区選抜Ａ,noberu,0,3
FF地区選抜Ａ,Kyou,0,4
FF地区選抜Ａ,Gojou,0,5
FF地区選抜Ａ,Arata,0,6
FF地区選抜Ａ,Washi,0,7
FF地区選抜Ａ,Saru,0,8
FF地区選抜Ａ,Jimon,0,9
FF地区選抜Ａ,Baku,0,10
FF地区選抜Ａ,hiiroo,0,11
FF地区選抜Ａ,,0,12
FF地区選抜Ａ,,0,13
FF地区選抜Ａ,,0,14
FF地区選抜Ａ,,0,15
FF地区選抜Ａ,,0,16
スーパー秋葉名戸,aidoru,0,1
スーパー秋葉名戸,tecchan,0,2
スーパー秋葉名戸,noberu,0,3
スーパー秋葉名戸,hiiroo,0,4
スーパー秋葉名戸,kosupure,0,5
スーパー秋葉名戸,onrain,0,6
スーパー秋葉名戸,Jisakuha,0,7
スーパー秋葉名戸,Robo,0,8
スーパー秋葉名戸,geemuki,0,9
スーパー秋葉名戸,Mangaka,0,10
スーパー秋葉名戸,aakeedo,0,11
スーパー秋葉名戸,,0,12
スーパー秋葉名戸,,0,13
スーパー秋葉名戸,,0,14
スーパー秋葉名戸,,0,15
スーパー秋葉名戸,,0,16
オールド木戸川,Nanzan,0,1
オールド木戸川,Nishigaki,0,2
オールド木戸川,Megawa,0,3
オールド木戸川,Mitsumune,0,4
オールド木戸川,Kurobe,0,5
オールド木戸川,Gouenji,0,6
オールド木戸川,Yakata,0,7
オールド木戸川,Mogi,0,8
オールド木戸川,Masaru,0,9
オールド木戸川,Tomo,0,10
オールド木戸川,Tsutomu,0,11
オールド木戸川,,0,12
オールド木戸川,,0,13
オールド木戸川,,0,14
オールド木戸川,,0,15
オールド木戸川,,0,16
ウラ雷門Ａ,Kino,0,1
ウラ雷門Ａ,Jin,1,2
ウラ雷門Ａ,Fuyuka,0,3
ウラ雷門Ａ,Handa,1,4
ウラ雷門Ａ,shourin,1,5
ウラ雷門Ａ,Shishido,1,6
ウラ雷門Ａ,makkusu,1,7
ウラ雷門Ａ,Otonashi,0,8
ウラ雷門Ａ,Kazemaru,1,9
ウラ雷門Ａ,Someoka,1,10
ウラ雷門Ａ,Natsumi,0,11
ウラ雷門Ａ,Kurimatsu,1,12
ウラ雷門Ａ,Megane,0,13
ウラ雷門Ａ,,0,14
ウラ雷門Ａ,,0,15
ウラ雷門Ａ,,0,16
チーム西日本,Nagasaki,0,1
チーム西日本,Kumamoto,0,2
チーム西日本,Miyazaki,0,3
チーム西日本,Okayama,0,4
チーム西日本,Tokushima,0,5
チーム西日本,Fukuoka,0,6
チーム西日本,Wakayama,0,7
チーム西日本,Hyougo,0,8
チーム西日本,Ooita,0,9
チーム西日本,Kagawa,0,10
チーム西日本,Shimane,0,11
チーム西日本,Yamaguchi,0,12
チーム西日本,Fukui,0,13
チーム西日本,Shiga,0,14
チーム西日本,Kouchi,0,15
チーム西日本,Saga,0,16
ベンチーズ1,Katakura,0,1
ベンチーズ1,Mizubuchi,0,2
ベンチーズ1,Denju,0,3
ベンチーズ1,netto,0,4
ベンチーズ1,Fushi,0,5
ベンチーズ1,kozan,0,6
ベンチーズ1,Dazai,0,7
ベンチーズ1,Araiguma,0,8
ベンチーズ1,Sango,0,9
ベンチーズ1,Ogin,0,10
ベンチーズ1,Shitsuhara,0,11
ベンチーズ1,,0,12
ベンチーズ1,,0,13
ベンチーズ1,,0,14
ベンチーズ1,,0,15
ベンチーズ1,,0,16
ベンチーズ2,Tamakura,0,1
ベンチーズ2,Hikari,0,2
ベンチーズ2,Takigawa,0,3
ベンチーズ2,Dandou,0,4
ベンチーズ2,Shirokuma,0,5
ベンチーズ2,Tomooka,0,6
ベンチーズ2,akiresu,0,7
ベンチーズ2,Hasebe,0,8
ベンチーズ2,Fuji,0,9
ベンチーズ2,Souma,0,10
ベンチーズ2,Oyadomari,0,11
ベンチーズ2,,0,12
ベンチーズ2,,0,13
ベンチーズ2,,0,14
ベンチーズ2,,0,15
ベンチーズ2,,0,16
ベンチーズ3,Kido,0,1
ベンチーズ3,Kusao,0,2
ベンチーズ3,Ooshima,0,3
ベンチーズ3,Denju,0,4
ベンチーズ3,Isshiki,0,5
ベンチーズ3,Nagahama,0,6
ベンチーズ3,Shitsuhara,0,7
ベンチーズ3,Ebisu,0,8
ベンチーズ3,kuronosu,0,9
ベンチーズ3,Osamoto,0,10
ベンチーズ3,Touma,0,11
ベンチーズ3,,0,12
ベンチーズ3,,0,13
ベンチーズ3,,0,14
ベンチーズ3,,0,15
ベンチーズ3,,0,16
〇メガネ〇Ｂ,Tamami,0,1
〇メガネ〇Ｂ,Enomoto,0,2
〇メガネ〇Ｂ,Mangetsu,0,3
〇メガネ〇Ｂ,Wakaizumi,0,4
〇メガネ〇Ｂ,Gojou,0,5
〇メガネ〇Ｂ,Manabiya,0,6
〇メガネ〇Ｂ,Jisakuha,0,7
〇メガネ〇Ｂ,Shiroma,0,8
〇メガネ〇Ｂ,Seiryuu,0,9
〇メガネ〇Ｂ,Hiromi,0,10
〇メガネ〇Ｂ,Nishimura,0,11
〇メガネ〇Ｂ,,0,12
〇メガネ〇Ｂ,,0,13
〇メガネ〇Ｂ,,0,14
〇メガネ〇Ｂ,,0,15
〇メガネ〇Ｂ,,0,16
ベンチーズ4,ikarosu,0,1
ベンチーズ4,Okinoshima,0,2
ベンチーズ4,Shouni,0,3
ベンチーズ4,Kamo,0,4
ベンチーズ4,Minobe,0,5
ベンチーズ4,Makai,0,6
ベンチーズ4,Tsuzuki,0,7
ベンチーズ4,Matsuri,0,8
ベンチーズ4,Zukeran,0,9
ベンチーズ4,Chihira,0,10
ベンチーズ4,Hachiya,0,11
ベンチーズ4,,0,12
ベンチーズ4,,0,13
ベンチーズ4,,0,14
ベンチーズ4,,0,15
ベンチーズ4,,0,16
ベンチーズ5,Tomoe,0,1
ベンチーズ5,Tokube,0,2
ベンチーズ5,Goryou,0,3
ベンチーズ5,Sayaka,0,4
ベンチーズ5,Ishii,0,5
ベンチーズ5,Nezumi,0,6
ベンチーズ5,Hirao,0,7
ベンチーズ5,Medusa,0,8
ベンチーズ5,Betsuki,0,9
ベンチーズ5,Ookusu,0,10
ベンチーズ5,Oyatomi,0,11
ベンチーズ5,,0,12
ベンチーズ5,,0,13
ベンチーズ5,,0,14
ベンチーズ5,,0,15
ベンチーズ5,,0,16
ベンチーズ6,Amuro,0,1
ベンチーズ6,Seiyuu,0,2
ベンチーズ6,herakuresu,0,3
ベンチーズ6,Hyoudou,0,4
ベンチーズ6,figyua,0,5
ベンチーズ6,Ideura,0,6
ベンチーズ6,koara,0,7
ベンチーズ6,Mashimo,0,8
ベンチーズ6,Chinen,0,9
ベンチーズ6,Amai,0,10
ベンチーズ6,Kurogami,0,11
ベンチーズ6,,0,12
ベンチーズ6,,0,13
ベンチーズ6,,0,14
ベンチーズ6,,0,15
ベンチーズ6,,0,16
◇ＮＩＮＪＡ◇,Momochi,0,1
◇ＮＩＮＪＡ◇,Kunai,0,2
◇ＮＩＮＪＡ◇,Makibishi,0,3
◇ＮＩＮＪＡ◇,Kousaka,0,4
◇ＮＩＮＪＡ◇,Sarutobi,0,5
◇ＮＩＮＪＡ◇,Fuuma,0,6
◇ＮＩＮＪＡ◇,Kouga,0,7
◇ＮＩＮＪＡ◇,Kaginawa,0,8
◇ＮＩＮＪＡ◇,Hatsutori,0,9
◇ＮＩＮＪＡ◇,Kirigakure,0,10
◇ＮＩＮＪＡ◇,Shuriken,0,11
◇ＮＩＮＪＡ◇,Yagyuu,0,12
◇ＮＩＮＪＡ◇,Hachiya,0,13
◇ＮＩＮＪＡ◇,Katou,0,14
◇ＮＩＮＪＡ◇,Takigawa,0,15
◇ＮＩＮＪＡ◇,Kido,0,16
セカンド雷門,Endou,0,1
セカンド雷門,Kabeyama,0,2
セカンド雷門,Kogure,0,3
セカンド雷門,Domon,0,4
セカンド雷門,Tsunami,0,5
セカンド雷門,Touko,0,6
セカンド雷門,rika,0,7
セカンド雷門,Megane,0,8
セカンド雷門,Ichinose,0,9
セカンド雷門,Gouenji,0,10
セカンド雷門,Fubuki,0,11
セカンド雷門,Tachimukai,0,12
セカンド雷門,Kidou,0,13
セカンド雷門,,0,14
セカンド雷門,,0,15
セカンド雷門,,0,16
表と裏の王者Ａ,Genou,0,1
表と裏の王者Ａ,Daiden,0,2
表と裏の王者Ａ,Banjou,0,3
表と裏の王者Ａ,Narukami,0,4
表と裏の王者Ａ,Gojou,0,5
表と裏の王者Ａ,Komusou,0,6
表と裏の王者Ａ,Manabiya,0,7
表と裏の王者Ａ,Ichikawa,0,8
表と裏の王者Ａ,Atarou,0,9
表と裏の王者Ａ,Kageta,0,10
表と裏の王者Ａ,Usuke,0,11
表と裏の王者Ａ,,0,12
表と裏の王者Ａ,,0,13
表と裏の王者Ａ,,0,14
表と裏の王者Ａ,,0,15
表と裏の王者Ａ,,0,16
留学チーム,Kino,0,1
留学チーム,kuuru,0,2
留学チーム,Nishigaki,0,3
留学チーム,Yokohama,0,4
留学チーム,Suehisa,0,5
留学チーム,Yasumori,0,6
留学チーム,Suzumushi,0,7
留学チーム,Domon,0,8
留学チーム,kuiin,0,9
留学チーム,Ichinose,0,10
留学チーム,Noto,0,11
留学チーム,,0,12
留学チーム,,0,13
留学チーム,,0,14
留学チーム,,0,15
留学チーム,,0,16
〇メガネ〇Ａ,Tokunaga,0,1
〇メガネ〇Ａ,Ootsuki,0,2
〇メガネ〇Ａ,Itsuki,0,3
〇メガネ〇Ａ,Kureno,0,4
〇メガネ〇Ａ,Shin,0,5
〇メガネ〇Ａ,Asakura,0,6
〇メガネ〇Ａ,Megane,0,7
〇メガネ〇Ａ,Kaiou,0,8
〇メガネ〇Ａ,noberu,0,9
〇メガネ〇Ａ,Otomura,0,10
〇メガネ〇Ａ,Mangaka,0,11
〇メガネ〇Ａ,,0,12
〇メガネ〇Ａ,,0,13
〇メガネ〇Ａ,,0,14
〇メガネ〇Ａ,,0,15
〇メガネ〇Ａ,,0,16
キャッピキャピＢ,pieroonu,0,1
キャッピキャピＢ,Hazekura,0,2
キャッピキャピＢ,Yui,0,3
キャッピキャピＢ,Matoro,0,4
キャッピキャピＢ,hanachan,0,5
キャッピキャピＢ,maimai,0,6
キャッピキャピＢ,Takanashi,0,7
キャッピキャピＢ,Kyan,0,8
キャッピキャピＢ,Ootani,0,9
キャッピキャピＢ,ruru,0,10
キャッピキャピＢ,pieron,0,11
キャッピキャピＢ,,0,12
キャッピキャピＢ,,0,13
キャッピキャピＢ,,0,14
キャッピキャピＢ,,0,15
キャッピキャピＢ,,0,16
Ｍ･Ｏ･Ｅ,Tomoka,0,1
Ｍ･Ｏ･Ｅ,Hazekura,0,2
Ｍ･Ｏ･Ｅ,meiji,0,3
Ｍ･Ｏ･Ｅ,Tokisa,0,4
Ｍ･Ｏ･Ｅ,anjero,0,5
Ｍ･Ｏ･Ｅ,Shiori,0,6
Ｍ･Ｏ･Ｅ,Maihime,0,7
Ｍ･Ｏ･Ｅ,hiikun,0,8
Ｍ･Ｏ･Ｅ,jemini,0,9
Ｍ･Ｏ･Ｅ,vuaago,0,10
Ｍ･Ｏ･Ｅ,kotochan,0,11
Ｍ･Ｏ･Ｅ,Tachikiri,0,12
Ｍ･Ｏ･Ｅ,Touka,0,13
Ｍ･Ｏ･Ｅ,Yurika,0,14
Ｍ･Ｏ･Ｅ,Futase,0,15
Ｍ･Ｏ･Ｅ,bianka,0,16
マスクマンＡ,ieroo,0,1
マスクマンＡ,guriin,0,2
マスクマンＡ,Kuwahara,0,3
マスクマンＡ,Kaotetsu,0,4
マスクマンＡ,robotto,0,5
マスクマンＡ,Fukuoka,0,6
マスクマンＡ,Mochizuki,0,7
マスクマンＡ,pinku,0,8
マスクマンＡ,buruu,0,9
マスクマンＡ,Kawataka,0,10
マスクマンＡ,reddo,0,11
マスクマンＡ,,0,12
マスクマンＡ,,0,13
マスクマンＡ,,0,14
マスクマンＡ,,0,15
マスクマンＡ,,0,16
ピエロチーム,pieroonu,0,1
ピエロチーム,Yamahiko,0,2
ピエロチーム,kuraun,0,3
ピエロチーム,Yumi,0,4
ピエロチーム,pieroo,0,5
ピエロチーム,Shiramine,0,6
ピエロチーム,pieron,0,7
ピエロチーム,Sogou,0,8
ピエロチーム,Mito,0,9
ピエロチーム,Shizuoka,0,10
ピエロチーム,shinshin,0,11
ピエロチーム,Nakura,0,12
ピエロチーム,,0,13
ピエロチーム,,0,14
ピエロチーム,,0,15
ピエロチーム,,0,16
タイニーガール,Chidori,0,1
タイニーガール,kyiiru,0,2
タイニーガール,Tome,0,3
タイニーガール,kangaruu,0,4
タイニーガール,Araya,0,5
タイニーガール,appuru,0,6
タイニーガール,Hiromi,0,7
タイニーガール,Tomiyama,0,8
タイニーガール,kokona,0,9
タイニーガール,Mako,0,10
タイニーガール,Suzuna,0,11
タイニーガール,Akazukin,0,12
タイニーガール,Sae,0,13
タイニーガール,Naemi,0,14
タイニーガール,meiji,0,15
タイニーガール,Wakasa,0,16
スキンヘッズ,Hijii,0,1
スキンヘッズ,Satori,0,2
スキンヘッズ,Hougyoku,0,3
スキンヘッズ,joniiG,0,4
スキンヘッズ,Fukumi,0,5
スキンヘッズ,herumesu,0,6
スキンヘッズ,pureza,0,7
スキンヘッズ,raibura,0,8
スキンヘッズ,kafuraa,0,9
スキンヘッズ,Menkaura,0,10
スキンヘッズ,kufu,0,11
スキンヘッズ,Ino,0,12
スキンヘッズ,jeroomu,0,13
スキンヘッズ,Karasaki,0,14
スキンヘッズ,Kata,0,15
スキンヘッズ,Nishimura,0,16
中国キッカーズ,Ryuubi,0,1
中国キッカーズ,Sagojou,0,2
中国キッカーズ,Sousou,0,3
中国キッカーズ,Mikuni,0,4
中国キッカーズ,Tou,0,5
中国キッカーズ,Imoko,0,6
中国キッカーズ,Hakkai,0,7
中国キッカーズ,Gokuu,0,8
中国キッカーズ,Kanshin,0,9
中国キッカーズ,Kanu,0,10
中国キッカーズ,sarukun,0,11
中国キッカーズ,Sanzou,0,12
中国キッカーズ,Chouhi,0,13
中国キッカーズ,,0,14
中国キッカーズ,,0,15
中国キッカーズ,,0,16
ヘッドプロテクツ,sonkun,0,1
ヘッドプロテクツ,sutaaga,0,2
ヘッドプロテクツ,ruuka,0,3
ヘッドプロテクツ,ransu,0,4
ヘッドプロテクツ,Koohee,0,5
ヘッドプロテクツ,pinkuD,0,6
ヘッドプロテクツ,Taikyuu,0,7
ヘッドプロテクツ,Komusou,0,8
ヘッドプロテクツ,rongu,0,9
ヘッドプロテクツ,Koukai,0,10
ヘッドプロテクツ,demeteru,0,11
ヘッドプロテクツ,Bun,0,12
ヘッドプロテクツ,vyiikusu,0,13
ヘッドプロテクツ,guringo,0,14
ヘッドプロテクツ,sukaru,0,15
ヘッドプロテクツ,Fukuoka,0,16
ラストイナズマ,fyerumin,0,1
ラストイナズマ,teresu,0,2
ラストイナズマ,buboo,0,3
ラストイナズマ,bento,0,4
ラストイナズマ,Domon,0,5
ラストイナズマ,reonarudo,0,6
ラストイナズマ,maaku,0,7
ラストイナズマ,zakku,0,8
ラストイナズマ,deiran,0,9
ラストイナズマ,edogaa,0,10
ラストイナズマ,roniijo,0,11
ラストイナズマ,buraaji,0,12
ラストイナズマ,Yuusha,0,13
ラストイナズマ,dorufyin,0,14
ラストイナズマ,tonii,0,15
ラストイナズマ,Sayaka,0,16
スペースボーイズ,Nushino,0,1
スペースボーイズ,horii,0,2
スペースボーイズ,Bian,0,3
スペースボーイズ,Muraabe,0,4
スペースボーイズ,nozakku,0,5
スペースボーイズ,Takioo,0,6
スペースボーイズ,jetto,0,7
スペースボーイズ,Nasshii,0,8
スペースボーイズ,Koohee,0,9
スペースボーイズ,kokona,0,10
スペースボーイズ,Dou,0,11
スペースボーイズ,gyaraku,0,12
スペースボーイズ,Waji,0,13
スペースボーイズ,Saekkii,0,14
スペースボーイズ,kapuriko,0,15
スペースボーイズ,saihiiro,0,16
ダミーエンペラーズ,Tamagorou,0,1
ダミーエンペラーズ,Nishigaki,0,2
ダミーエンペラーズ,Shishido,0,3
ダミーエンペラーズ,Jin,0,4
ダミーエンペラーズ,Kurimatsu,0,5
ダミーエンペラーズ,Handa,0,6
ダミーエンペラーズ,Shourin,0,7
ダミーエンペラーズ,makkusu,0,8
ダミーエンペラーズ,shadou,0,9
ダミーエンペラーズ,Kazemaru,0,10
ダミーエンペラーズ,Someoka,0,11
ダミーエンペラーズ,Takeshi,0,12
ダミーエンペラーズ,Ootani,0,13
ダミーエンペラーズ,,0,14
ダミーエンペラーズ,,0,15
ダミーエンペラーズ,,0,16
ガイア,dezaamu,0,1
ガイア,geiru,0,2
ガイア,zoohan,0,3
ガイア,hauzaa,0,4
ガイア,kiibu,0,5
ガイア,kuriputo,0,6
ガイア,kooma,0,7
ガイア,aaku,0,8
ガイア,makyua,0,9
ガイア,urubida,0,10
ガイア,guran,0,11
ガイア,Nero,0,12
ガイア,kyiiru,0,13
ガイア,uiizu,0,14
ガイア,,0,15
ガイア,,0,16
クリアーゴ,beruga,0,1
クリアーゴ,hebiimosu,0,2
クリアーゴ,beriaru,0,3
クリアーゴ,aikyuu,0,4
クリアーゴ,uineru,0,5
クリアーゴ,enueru,0,6
クリアーゴ,aishii,0,7
クリアーゴ,aieru,0,8
クリアーゴ,barubatosu,0,9
クリアーゴ,neppaa,0,10
クリアーゴ,Rean,0,11
クリアーゴ,enoreru,0,12
クリアーゴ,guraasha,0,13
クリアーゴ,satosu,0,14
クリアーゴ,bakuree,0,15
クリアーゴ,baren,0,16
FF全国選抜Ａ,Poseidon,0,1
FF全国選抜Ａ,Mitsumune,0,2
FF全国選抜Ａ,hepaisu,0,3
FF全国選抜Ａ,aporon,0,4
FF全国選抜Ａ,Kurobe,0,5
FF全国選抜Ａ,Yamane,0,6
FF全国選抜Ａ,Ikui,0,7
FF全国選抜Ａ,Oogoi,0,8
FF全国選抜Ａ,Yagyuu,0,9
FF全国選抜Ａ,Hatsutori,0,10
FF全国選抜Ａ,Kirigakure,0,11
FF全国選抜Ａ,,0,12
FF全国選抜Ａ,,0,13
FF全国選抜Ａ,,0,14
FF全国選抜Ａ,,0,15
FF全国選抜Ａ,,0,16
フドウヘッズ,Higuchi,0,1
フドウヘッズ,Namazu,0,2
フドウヘッズ,henku,0,3
フドウヘッズ,Tetsuyama,0,4
フドウヘッズ,Hanamura,0,5
フドウヘッズ,Fudou,1,6
フドウヘッズ,Inami,0,7
フドウヘッズ,Takaoka,0,8
フドウヘッズ,Kyouto,0,9
フドウヘッズ,Osakabe,0,10
フドウヘッズ,Masaru,0,11
フドウヘッズ,shabarii,0,12
フドウヘッズ,Mizuwatari,0,13
フドウヘッズ,Okumura,0,14
フドウヘッズ,,0,15
フドウヘッズ,,0,16
エル・マッチョス,rekkusu,0,1
エル・マッチョス,rucha,0,2
エル・マッチョス,Kairiki,0,3
エル・マッチョス,Sata,0,4
エル・マッチョス,Seigi,0,5
エル・マッチョス,Iso,0,6
エル・マッチョス,Ootami,0,7
エル・マッチョス,Agon,0,8
エル・マッチョス,Fujita,0,9
エル・マッチョス,hiiru,0,10
エル・マッチョス,Soda,0,11
エル・マッチョス,Ishikura,0,12
エル・マッチョス,pawaa,0,13
エル・マッチョス,Ooedo,0,14
エル・マッチョス,Kururun,0,15
エル・マッチョス,Kamakiri,0,16
絶･世路死苦,Kawakami,0,1
絶･世路死苦,Tobitaka,0,2
絶･世路死苦,Hiura,0,3
絶･世路死苦,Katsunobu,0,4
絶･世路死苦,Yui,0,5
絶･世路死苦,Manji,0,6
絶･世路死苦,Sagara,0,7
絶･世路死苦,Koshiga,0,8
絶･世路死苦,Ranbashi,0,9
絶･世路死苦,Saki,0,10
絶･世路死苦,heddo,0,11
絶･世路死苦,anesan,0,12
絶･世路死苦,Gosho,0,13
絶･世路死苦,Kanatsu,0,14
絶･世路死苦,choppaa,0,15
絶･世路死苦,metto,0,16
キュート★スターズ,Koi,0,1
キュート★スターズ,mooru,0,2
キュート★スターズ,kiibu,0,3
キュート★スターズ,Kouko,0,4
キュート★スターズ,Aki,0,5
キュート★スターズ,Seira,0,6
キュート★スターズ,Kuromajo,0,7
キュート★スターズ,Rie,0,8
キュート★スターズ,Hanako,0,9
キュート★スターズ,pieron,0,10
キュート★スターズ,Shirobe,0,11
キュート★スターズ,pieroonu,0,12
キュート★スターズ,Mikan,0,13
キュート★スターズ,Kamizuru,0,14
キュート★スターズ,Namie,0,15
キュート★スターズ,Ranbashi,0,16
マスカレード,Juuzou,0,1
マスカレード,Kaotetsu,0,2
マスカレード,Kamen,0,3
マスカレード,Kamui,0,4
マスカレード,arutemisu,0,5
マスカレード,Nyaa,0,6
マスカレード,Higasa,0,7
マスカレード,Mahoujin,0,8
マスカレード,Kokopelli,0,9
マスカレード,Mochizuki,0,10
マスカレード,Genji,0,11
マスカレード,haato,0,12
マスカレード,soodo,0,13
マスカレード,kuroobaa,0,14
マスカレード,daia,0,15
マスカレード,,0,16
モンスターズ,Passion,0,1
モンスターズ,Komusou,0,2
モンスターズ,Shika,0,3
モンスターズ,Hikara,0,4
モンスターズ,Ryuuyou,0,5
モンスターズ,Hakkai,0,6
モンスターズ,guringo,0,7
モンスターズ,Ouki,0,8
モンスターズ,Jouki,0,9
モンスターズ,Shirayuu,0,10
モンスターズ,Jakku,0,11
モンスターズ,Hyakki,0,12
モンスターズ,koraru,0,13
モンスターズ,Shiki,0,14
モンスターズ,Tenki,0,15
モンスターズ,Keta,0,16
セレブリティーズ,emiiru,0,1
セレブリティーズ,pieeru,0,2
セレブリティーズ,toppu,0,3
セレブリティーズ,rooran,0,4
セレブリティーズ,ronii,0,5
セレブリティーズ,kuiin,0,6
セレブリティーズ,jojo,0,7
セレブリティーズ,kingu,0,8
セレブリティーズ,Kaoru,0,9
セレブリティーズ,jurian,0,10
セレブリティーズ,purinsesu,0,11
セレブリティーズ,gyaresu,0,12
セレブリティーズ,Gyaru,0,13
セレブリティーズ,sutefuan,0,14
セレブリティーズ,porute,0,15
セレブリティーズ,chuuru,0,16
デモンフェイセズ,Natani,0,1
デモンフェイセズ,Gokuki,0,2
デモンフェイセズ,Douki,0,3
デモンフェイセズ,Kairiki,0,4
デモンフェイセズ,Dante,0,5
デモンフェイセズ,un'yon,0,6
デモンフェイセズ,bukku,0,7
デモンフェイセズ,Hakkai,0,8
デモンフェイセズ,Ryuuyou,0,9
デモンフェイセズ,Shiki,0,10
デモンフェイセズ,satanatosu,0,11
デモンフェイセズ,Hyakki,0,12
デモンフェイセズ,Tenki,0,13
デモンフェイセズ,Jouki,0,14
デモンフェイセズ,Ouki,0,15
デモンフェイセズ,Ishitsukuri,0,16
ザ･ビッグ,zagomeru,0,1
ザ･ビッグ,Kabeyama,0,2
ザ･ビッグ,Yamada,0,3
ザ･ビッグ,Gibo,0,4
ザ･ビッグ,dorahhe,0,5
ザ･ビッグ,Torihara,0,6
ザ･ビッグ,Kaginawa,0,7
ザ･ビッグ,Yabuki,0,8
ザ･ビッグ,naito,0,9
ザ･ビッグ,Manson,0,10
ザ･ビッグ,uiizu,0,11
ザ･ビッグ,Koi,0,12
ザ･ビッグ,roberuto,0,13
ザ･ビッグ,Aida,0,14
ザ･ビッグ,migeru,0,15
ザ･ビッグ,Kairiki,0,16
ライモンアール,Endou,0,1
ライモンアール,Kabeyama,0,2
ライモンアール,uorutaa,0,3
ライモンアール,uindei,0,4
ライモンアール,Kazemaru,0,5
ライモンアール,shintei,0,6
ライモンアール,Handa,0,7
ライモンアール,makishi,0,8
ライモンアール,makkusu,0,9
ライモンアール,Someoka,0,10
ライモンアール,dorago,0,11
ライモンアール,rokoko,0,12
ライモンアール,Megane,0,13
ライモンアール,meigaa,0,14
ライモンアール,Kurimatsu,0,15
ライモンアール,maron,0,16
ザ･ディフェンズ,Makiya,0,1
ザ･ディフェンズ,gigu,0,2
ザ･ディフェンズ,teresu,0,3
ザ･ディフェンズ,Gattsu,0,4
ザ･ディフェンズ,Michiko,0,5
ザ･ディフェンズ,hyonde,0,6
ザ･ディフェンズ,deebiddo,0,7
ザ･ディフェンズ,tonii,0,8
ザ･ディフェンズ,monsutoro,0,9
ザ･ディフェンズ,biyon,0,10
ザ･ディフェンズ,uindei,0,11
ザ･ディフェンズ,hauzaa,0,12
ザ･ディフェンズ,Gouin,0,13
ザ･ディフェンズ,azuberu,0,14
ザ･ディフェンズ,kerarudo,0,15
ザ･ディフェンズ,daibaa,0,16
ファンタジース,Shoukan,0,1
ファンタジース,shiifu,0,2
ファンタジース,meiji,0,3
ファンタジース,Souryo,0,4
ファンタジース,biitaa,0,5
ファンタジース,Ginhai,0,6
ファンタジース,Ouki,0,7
ファンタジース,Butouka,0,8
ファンタジース,naito,0,9
ファンタジース,gyueeru,0,10
ファンタジース,Yuusha,0,11
ファンタジース,Akazukin,0,12
ファンタジース,Ringo,0,13
ファンタジース,Shiki,0,14
ファンタジース,shuuzu,0,15
ファンタジース,barubatosu,0,16
ハリケーンズ,Karyuu,0,1
ハリケーンズ,Kazamatsuri,0,2
ハリケーンズ,Raigou,0,3
ハリケーンズ,Reizei,0,4
ハリケーンズ,Naemi,0,5
ハリケーンズ,Yamine,0,6
ハリケーンズ,Oio,0,7
ハリケーンズ,Yura,0,8
ハリケーンズ,Kunouzan,0,9
ハリケーンズ,Rekkuu,0,10
ハリケーンズ,Taisei,0,11
ハリケーンズ,Sakitori,0,12
ハリケーンズ,Suma,0,13
ハリケーンズ,Masaki,0,14
ハリケーンズ,Raina,0,15
ハリケーンズ,Takagamo,0,16
アナザーカラーズ,abii,0,1
アナザーカラーズ,Kazemaru,0,2
アナザーカラーズ,Daiden,0,3
アナザーカラーズ,Jin,0,4
アナザーカラーズ,rashipuree,0,5
アナザーカラーズ,Ukishima,0,6
アナザーカラーズ,Araki,0,7
アナザーカラーズ,kebin,0,8
アナザーカラーズ,riimu,0,9
アナザーカラーズ,teigure,0,10
アナザーカラーズ,Someoka,0,11
アナザーカラーズ,Tetsukita,0,12
アナザーカラーズ,Sakuma,0,13
アナザーカラーズ,jakku,0,14
アナザーカラーズ,onrain,0,15
アナザーカラーズ,Risa,0,16
ファイアボーイズ,Karyuu,0,1
ファイアボーイズ,baara,0,2
ファイアボーイズ,Hiura,0,3
ファイアボーイズ,Kasayama,0,4
ファイアボーイズ,Kunitachi,0,5
ファイアボーイズ,Rean,0,6
ファイアボーイズ,Miyachi,0,7
ファイアボーイズ,Hiyama,0,8
ファイアボーイズ,Gooshu,0,9
ファイアボーイズ,Gouenji,0,10
ファイアボーイズ,baan,0,11
ファイアボーイズ,jonsu,0,12
ファイアボーイズ,Taisei,0,13
ファイアボーイズ,neppaa,0,14
ファイアボーイズ,pekuyon,0,15
ファイアボーイズ,Sugata,0,16
ウォーターボーイズ,Jinbei,0,1
ウォーターボーイズ,Tsunami,0,2
ウォーターボーイズ,Sakana,0,3
ウォーターボーイズ,Kamonohashi,0,4
ウォーターボーイズ,Gokuki,0,5
ウォーターボーイズ,Usami,0,6
ウォーターボーイズ,jetto,0,7
ウォーターボーイズ,Mizuhara,0,8
ウォーターボーイズ,dorufyin,0,9
ウォーターボーイズ,gazeru,0,10
ウォーターボーイズ,sukiddo,0,11
ウォーターボーイズ,pisukesu,0,12
ウォーターボーイズ,burou,0,13
ウォーターボーイズ,Kairi,0,14
ウォーターボーイズ,akua,0,15
ウォーターボーイズ,Naminori,0,16
イナズマレジェンド,Takeshi,0,1
イナズマレジェンド,Tobitaka,0,2
イナズマレジェンド,Fuyama,0,3
イナズマレジェンド,Kaotetsu,0,4
イナズマレジェンド,Suzaku,0,5
イナズマレジェンド,shadou,0,6
イナズマレジェンド,Hidenaka,0,7
イナズマレジェンド,hiito,0,8
イナズマレジェンド,demoonio,0,9
イナズマレジェンド,afurodi,0,10
イナズマレジェンド,Taisei,0,11
イナズマレジェンド,Byakko,0,12
イナズマレジェンド,Ichinose,0,13
イナズマレジェンド,Kidou,0,14
イナズマレジェンド,heddo,0,15
イナズマレジェンド,Genbu,0,16
ＬＥＶＥＬ—ＧＯ,pieroonu,0,1
ＬＥＶＥＬ—ＧＯ,Oketani,0,2
ＬＥＶＥＬ—ＧＯ,Hazekura,0,3
ＬＥＶＥＬ—ＧＯ,shoon,0,4
ＬＥＶＥＬ—ＧＯ,taakoizu,0,5
ＬＥＶＥＬ—ＧＯ,Miwa,0,6
ＬＥＶＥＬ—ＧＯ,Mai,0,7
ＬＥＶＥＬ—ＧＯ,toraiaru,0,8
ＬＥＶＥＬ—ＧＯ,mahha,0,9
ＬＥＶＥＬ—ＧＯ,kyaputen,0,10
ＬＥＶＥＬ—ＧＯ,Mako,0,11
ＬＥＶＥＬ—ＧＯ,furedei,0,12
ＬＥＶＥＬ—ＧＯ,yonasu,0,13
ＬＥＶＥＬ—ＧＯ,Saginuma,0,14
ＬＥＶＥＬ—ＧＯ,Opera,0,15
ＬＥＶＥＬ—ＧＯ,Nakatani,0,16
イナズマ’08,Ayano,0,1
イナズマ’08,noberu,0,2
イナズマ’08,Fujibayashi,0,3
イナズマ’08,Kurobe,0,4
イナズマ’08,Tome,0,5
イナズマ’08,Washi,0,6
イナズマ’08,herumesu,0,7
イナズマ’08,Yasunaga,0,8
イナズマ’08,Ikari,0,9
イナズマ’08,Arata,0,10
イナズマ’08,Yuukoku,0,11
イナズマ’08,,0,12
イナズマ’08,,0,13
イナズマ’08,,0,14
イナズマ’08,,0,15
イナズマ’08,,0,16
円堂レッズ,Endou,0,1
円堂レッズ,Kogure,0,2
円堂レッズ,Kabeyama,0,3
円堂レッズ,Raiden,0,4
円堂レッズ,Fubuki,0,5
円堂レッズ,Kazemaru,0,6
円堂レッズ,fyideio,0,7
円堂レッズ,Touko,0,8
円堂レッズ,Someoka,0,9
円堂レッズ,Hiroto,0,10
円堂レッズ,edogaa,0,11
円堂レッズ,rika,0,12
円堂レッズ,,0,13
円堂レッズ,,0,14
円堂レッズ,,0,15
円堂レッズ,,0,16
クールガイズ,fuokusu,0,1
クールガイズ,mefyisuto,0,2
クールガイズ,beriaru,0,3
クールガイズ,pieeru,0,4
クールガイズ,Irikiin,0,5
クールガイズ,ronii,0,6
クールガイズ,anjero,0,7
クールガイズ,rooran,0,8
クールガイズ,misutore,0,9
クールガイズ,Kaoru,0,10
クールガイズ,riifu,0,11
クールガイズ,bunchan,0,12
クールガイズ,koyoote,0,13
クールガイズ,afurodi,0,14
クールガイズ,papiyon,0,15
クールガイズ,Araba,0,16
ネオ雷門,Endou,0,1
ネオ雷門,Kazemaru,0,2
ネオ雷門,Kabeyama,0,3
ネオ雷門,Tobitaka,0,4
ネオ雷門,Fubuki,0,5
ネオ雷門,Toramaru,0,6
ネオ雷門,Hiroto,0,7
ネオ雷門,fyideio,0,8
ネオ雷門,kanon,0,9
ネオ雷門,Gouenji,0,10
ネオ雷門,Keita,0,11
ネオ雷門,Megane,0,12
ネオ雷門,Kidou,0,13
ネオ雷門,,0,14
ネオ雷門,,0,15
ネオ雷門,,0,16
真･世界選抜,rokoko,0,1
真･世界選抜,muzonge,0,2
真･世界選抜,teresu,0,3
真･世界選抜,pieeru,0,4
真･世界選抜,Domon,0,5
真･世界選抜,reonarudo,0,6
真･世界選抜,bento,0,7
真･世界選抜,Ichinose,0,8
真･世界選抜,fyideio,0,9
真･世界選抜,edogaa,0,10
真･世界選抜,deiran,0,11
真･世界選抜,rajji,0,12
真･世界選抜,maaku,0,13
真･世界選抜,kerarudo,0,14
真･世界選抜,areku,0,15
真･世界選抜,,0,16
イナズマ’09,Shuri,0,1
イナズマ’09,sumisu,0,2
イナズマ’09,Satori,0,3
イナズマ’09,Iyatani,0,4
イナズマ’09,Michiko,0,5
イナズマ’09,Araya,0,6
イナズマ’09,Shika,0,7
イナズマ’09,Otomura,0,8
イナズマ’09,makyua,0,9
イナズマ’09,riimu,0,10
イナズマ’09,uiizu,0,11
イナズマ’09,,0,12
イナズマ’09,,0,13
イナズマ’09,,0,14
イナズマ’09,,0,15
イナズマ’09,,0,16
鬼道ホワイツ,Tachimukai,0,1
鬼道ホワイツ,teresu,0,2
鬼道ホワイツ,Tsunami,0,3
鬼道ホワイツ,Tobitaka,0,4
鬼道ホワイツ,Otonashi,0,5
鬼道ホワイツ,Fudou,0,6
鬼道ホワイツ,Sakuma,0,7
鬼道ホワイツ,Toramaru,0,8
鬼道ホワイツ,maaku,0,9
鬼道ホワイツ,Gouenji,0,10
鬼道ホワイツ,deiran,0,11
鬼道ホワイツ,Kidou,0,12
鬼道ホワイツ,,0,13
鬼道ホワイツ,,0,14
鬼道ホワイツ,,0,15
鬼道ホワイツ,,0,16
チームマサト,ierooS,0,1
チームマサト,purachina,0,2
チームマサト,Yokochi,0,3
チームマサト,guriin,0,4
チームマサト,buruuS,0,5
チームマサト,Raiden,0,6
チームマサト,buruu,0,7
チームマサト,guriinS,0,8
チームマサト,Masato,0,9
チームマサト,reddoＳ,0,10
チームマサト,pinkuS,0,11
チームマサト,,0,12
チームマサト,,0,13
チームマサト,,0,14
チームマサト,,0,15
チームマサト,,0,16
キーパースターズ,Hibiki,0,1
キーパースターズ,Poseidon,0,2
キーパースターズ,gurento,0,3
キーパースターズ,Kino,0,4
キーパースターズ,Tetsukabe,0,5
キーパースターズ,gurijjo,0,6
キーパースターズ,rokoko,0,7
キーパースターズ,dezaamu,0,8
キーパースターズ,zeru,0,9
キーパースターズ,arekkusu,0,10
キーパースターズ,fuarukao,0,11
キーパースターズ,Genou,0,12
キーパースターズ,Jinbei,0,13
キーパースターズ,emiiru,0,14
キーパースターズ,buraaji,0,15
キーパースターズ,beruga,0,16
イケメンスパークス,keen,0,1
イケメンスパークス,Hijikata,0,2
イケメンスパークス,kuuru,0,3
イケメンスパークス,Saruwatari,0,4
イケメンスパークス,maruko,0,5
イケメンスパークス,kamereon,0,6
イケメンスパークス,reonarudo,0,7
イケメンスパークス,jurian,0,8
イケメンスパークス,fyideio,0,9
イケメンスパークス,dorufyin,0,10
イケメンスパークス,edogaa,0,11
イケメンスパークス,Kanbe,0,12
イケメンスパークス,Nano,0,13
イケメンスパークス,roaru,0,14
イケメンスパークス,Fuuma,0,15
イケメンスパークス,hiito,0,16
おいろけボンバーズ,pieroonu,0,1
おいろけボンバーズ,Michiko,0,2
おいろけボンバーズ,aishii,0,3
おいろけボンバーズ,Chousen,0,4
おいろけボンバーズ,Bonitona,0,5
おいろけボンバーズ,Mai,0,6
おいろけボンバーズ,Yurika,0,7
おいろけボンバーズ,eruza,0,8
おいろけボンバーズ,Reika,0,9
おいろけボンバーズ,Natsumi,0,10
おいろけボンバーズ,rika,0,11
おいろけボンバーズ,Raika,0,12
おいろけボンバーズ,Nakkii,0,13
おいろけボンバーズ,Mary,0,14
おいろけボンバーズ,Tina,0,15
おいろけボンバーズ,Iko,0,16
イカサマイレブン,Nakura,0,1
イカサマイレブン,Asari,0,2
イカサマイレブン,jakku,0,3
イカサマイレブン,noberu,0,4
イカサマイレブン,Fujiwara,0,5
イカサマイレブン,henku,0,6
イカサマイレブン,Sakiyama,0,7
イカサマイレブン,Sagara,0,8
イカサマイレブン,chikiita,0,9
イカサマイレブン,Kawaguchi,0,10
イカサマイレブン,metoron,0,11
イカサマイレブン,herumesu,0,12
イカサマイレブン,Wani,0,13
イカサマイレブン,Jimon,0,14
イカサマイレブン,Doumen,0,15
イカサマイレブン,sukaru,0,16
バッドボーイズ,fuokusu,0,1
バッドボーイズ,Narukami,0,2
バッドボーイズ,Ueki,0,3
バッドボーイズ,Iyatani,0,4
バッドボーイズ,suteiibu,0,5
バッドボーイズ,jakkaru,0,6
バッドボーイズ,Sakiyama,0,7
バッドボーイズ,Fudou,0,8
バッドボーイズ,Saeri,0,9
バッドボーイズ,misutore,0,10
バッドボーイズ,jendaa,0,11
バッドボーイズ,Satan,0,12
バッドボーイズ,Ouda,0,13
バッドボーイズ,Unno,0,14
バッドボーイズ,Narumi,0,15
バッドボーイズ,Sanada,0,16
スキルスターズ,Nero,0,1
スキルスターズ,Domon,0,2
スキルスターズ,Fujimi,0,3
スキルスターズ,Mameha,0,4
スキルスターズ,guringo,0,5
スキルスターズ,biorete,0,6
スキルスターズ,Miwa,0,7
スキルスターズ,Kirigakure,0,8
スキルスターズ,toraiaru,0,9
スキルスターズ,Toda,0,10
スキルスターズ,Kawataka,0,11
スキルスターズ,Taji,0,12
スキルスターズ,Sousa,0,13
スキルスターズ,Mayumi,0,14
スキルスターズ,Usuke,0,15
スキルスターズ,Butouka,0,16
ジ・エレメンツ,Nero,0,1
ジ・エレメンツ,Suda,0,2
ジ・エレメンツ,hanachan,0,3
ジ・エレメンツ,guriin,0,4
ジ・エレメンツ,Kazamatsuri,0,5
ジ・エレメンツ,Rindou,0,6
ジ・エレメンツ,Kurimatsu,0,7
ジ・エレメンツ,roniijo,0,8
ジ・エレメンツ,Fudouyama,0,9
ジ・エレメンツ,baan,0,10
ジ・エレメンツ,gazeru,0,11
ジ・エレメンツ,Shida,0,12
ジ・エレメンツ,Naomi,0,13
ジ・エレメンツ,debiru,0,14
ジ・エレメンツ,majidei,0,15
ジ・エレメンツ,kafuraa,0,16
ザ・ブロス,Yousuke,0,1
ザ・ブロス,aikyuu,0,2
ザ・ブロス,aishii,0,3
ザ・ブロス,Otonashi,0,4
ザ・ブロス,Kidou,0,5
ザ・ブロス,Atarou,0,6
ザ・ブロス,Usuke,0,7
ザ・ブロス,Fumio,0,8
ザ・ブロス,Masaru,0,9
ザ・ブロス,Tomo,0,10
ザ・ブロス,Kazuo,0,11
ザ・ブロス,Tsutomu,0,12
ザ・ブロス,Kazuto,0,13
ザ・ブロス,Megane,0,14
ザ・ブロス,Amehiko,0,15
ザ・ブロス,,0,16
ＰＥＮＧＵＩＮ,Nanriku,0,1
ＰＥＮＧＵＩＮ,deebiddo,0,2
ＰＥＮＧＵＩＮ,Yoshimine,0,3
ＰＥＮＧＵＩＮ,areku,0,4
ＰＥＮＧＵＩＮ,baren,0,5
ＰＥＮＧＵＩＮ,rosso,0,6
ＰＥＮＧＵＩＮ,erun,0,7
ＰＥＮＧＵＩＮ,demoonio,0,8
ＰＥＮＧＵＩＮ,kyaputen,0,9
ＰＥＮＧＵＩＮ,Fudou,0,10
ＰＥＮＧＵＩＮ,Sakuma,0,11
ＰＥＮＧＵＩＮ,hainrihi,0,12
ＰＥＮＧＵＩＮ,bakuree,0,13
ＰＥＮＧＵＩＮ,reo,0,14
ＰＥＮＧＵＩＮ,riimu,0,15
ＰＥＮＧＵＩＮ,erubin,0,16
チャンプ２０１０,fyerumin,0,1
チャンプ２０１０,hose,0,2
チャンプ２０１０,rafuaeru,0,3
チャンプ２０１０,Antonio,0,4
チャンプ２０１０,kerarudo,0,5
チャンプ２０１０,hoan,0,6
チャンプ２０１０,igoru,0,7
チャンプ２０１０,mikeru,0,8
チャンプ２０１０,pedoro,0,9
チャンプ２０１０,samueru,0,10
チャンプ２０１０,dabi,0,11
チャンプ２０１０,fuan,0,12
チャンプ２０１０,isaaku,0,13
チャンプ２０１０,raudei,0,14
チャンプ２０１０,karurosu,0,15
チャンプ２０１０,fyederiko,0,16
全国チーム選抜Ａ,Kakita,0,1
全国チーム選抜Ａ,Gibo,0,2
全国チーム選抜Ａ,Genkai,0,3
全国チーム選抜Ａ,Fukumi,0,4
全国チーム選抜Ａ,Chikushi,0,5
全国チーム選抜Ａ,Toguchi,0,6
全国チーム選抜Ａ,Araya,0,7
全国チーム選抜Ａ,Kuroda,0,8
全国チーム選抜Ａ,Usuke,0,9
全国チーム選抜Ａ,Toda,0,10
全国チーム選抜Ａ,Kageta,0,11
全国チーム選抜Ａ,,0,12
全国チーム選抜Ａ,,0,13
全国チーム選抜Ａ,,0,14
全国チーム選抜Ａ,,0,15
全国チーム選抜Ａ,,0,16
リレーションズ,Endou,0,1
リレーションズ,aikyuu,0,2
リレーションズ,aishii,0,3
リレーションズ,Fubuki,0,4
リレーションズ,Otonashi,0,5
リレーションズ,Usuke,0,6
リレーションズ,Atarou,0,7
リレーションズ,Masato,0,8
リレーションズ,Fubuki,0,9
リレーションズ,Gouenji,0,10
リレーションズ,kanon,0,11
リレーションズ,Fumio,0,12
リレーションズ,Kazuo,0,13
リレーションズ,Kidou,0,14
リレーションズ,Yousuke,0,15
リレーションズ,Amehiko,0,16
スペシャルズ,Ooedo,0,1
スペシャルズ,Mameha,0,2
スペシャルズ,Sekiyan,0,3
スペシャルズ,Nayu,0,4
スペシャルズ,Akarin,0,5
スペシャルズ,Maiko,0,6
スペシャルズ,Kunika,0,7
スペシャルズ,Kibitsu,0,8
スペシャルズ,Shiogama,0,9
スペシャルズ,Sagamineta,0,10
スペシャルズ,Takami,0,11
スペシャルズ,Shinya,0,12
スペシャルズ,Ikumi,0,13
スペシャルズ,Namazu,0,14
スペシャルズ,Kiba,0,15
スペシャルズ,bukku,0,16
ザ･サプライズ,Jinno,0,1
ザ･サプライズ,Fukuda,0,2
ザ･サプライズ,Yoshimi,0,3
ザ･サプライズ,Heine,0,4
ザ･サプライズ,Kanou,0,5
ザ･サプライズ,Nyaa,0,6
ザ･サプライズ,kingu,0,7
ザ･サプライズ,Hirose,0,8
ザ･サプライズ,guriinS,0,9
ザ･サプライズ,Juuji,0,10
ザ･サプライズ,Kouriki,0,11
ザ･サプライズ,Tamagorou,0,12
ザ･サプライズ,Negino,0,13
ザ･サプライズ,Chiba,0,14
ザ･サプライズ,hiiroo,0,15
ザ･サプライズ,Bonten,0,16
真･パイレーツ,bonii,0,1
真･パイレーツ,jakku,0,2
真･パイレーツ,Zousen,0,3
真･パイレーツ,Danno,0,4
真･パイレーツ,Suda,0,5
真･パイレーツ,rongu,0,6
真･パイレーツ,Kaizu,0,7
真･パイレーツ,Kakutou,0,8
真･パイレーツ,Koukai,0,9
真･パイレーツ,baison,0,10
真･パイレーツ,kyaputen,0,11
真･パイレーツ,Furufumi,0,12
真･パイレーツ,Terukawa,0,13
真･パイレーツ,Inomata,0,14
真･パイレーツ,ooru,0,15
真･パイレーツ,Gosho,0,16
ブリザードボンバー,asutarosu,0,1
ブリザードボンバー,hebiimosu,0,2
ブリザードボンバー,guraasha,0,3
ブリザードボンバー,aikyuu,0,4
ブリザードボンバー,kurara,0,5
ブリザードボンバー,mefyisuto,0,6
ブリザードボンバー,barubatosu,0,7
ブリザードボンバー,beruzebu,0,8
ブリザードボンバー,arakunesu,0,9
ブリザードボンバー,Desuta,0,10
ブリザードボンバー,satanatosu,0,11
ブリザードボンバー,beruga,0,12
ブリザードボンバー,gazeru,0,13
ブリザードボンバー,furosuto,0,14
ブリザードボンバー,rioone,0,15
ブリザードボンバー,aishii,0,16
ダークエンジェル２,enoreru,0,1
ダークエンジェル２,ekaderu,0,2
ダークエンジェル２,generu,0,3
ダークエンジェル２,abigooru,0,4
ダークエンジェル２,beriaru,0,5
ダークエンジェル２,aieru,0,6
ダークエンジェル２,sakineru,0,7
ダークエンジェル２,barubatosu,0,8
ダークエンジェル２,guraasha,0,9
ダークエンジェル２,arakunesu,0,10
ダークエンジェル２,enueru,0,11
ダークエンジェル２,,0,12
ダークエンジェル２,,0,13
ダークエンジェル２,,0,14
ダークエンジェル２,,0,15
ダークエンジェル２,,0,16
ゴッドエンジェル,Poseidon,0,1
ゴッドエンジェル,neneru,0,2
ゴッドエンジェル,aporon,0,3
ゴッドエンジェル,erufyeru,0,4
ゴッドエンジェル,arutemisu,0,5
ゴッドエンジェル,aieru,0,6
ゴッドエンジェル,demeteru,0,7
ゴッドエンジェル,enueru,0,8
ゴッドエンジェル,afurodi,0,9
ゴッドエンジェル,gyueeru,0,10
ゴッドエンジェル,Sein,0,11
ゴッドエンジェル,enoreru,0,12
ゴッドエンジェル,uineru,0,13
ゴッドエンジェル,Hera,0,14
ゴッドエンジェル,generu,0,15
ゴッドエンジェル,Dio,0,16
カオスエンジェルス,asutarosu,0,1
カオスエンジェルス,Gokka,0,2
カオスエンジェルス,bonba,0,3
カオスエンジェルス,beruzebu,0,4
カオスエンジェルス,erufyeru,0,5
カオスエンジェルス,kurara,0,6
カオスエンジェルス,gyueeru,0,7
カオスエンジェルス,satanatosu,0,8
カオスエンジェルス,baan,0,9
カオスエンジェルス,Desuta,0,10
カオスエンジェルス,Sein,0,11
カオスエンジェルス,gurento,0,12
カオスエンジェルス,hiito,0,13
カオスエンジェルス,gazeru,0,14
カオスエンジェルス,dororu,0,15
カオスエンジェルス,baara,0,16
ファイアスパーク,enoreru,0,1
ファイアスパーク,aieru,0,2
ファイアスパーク,enueru,0,3
ファイアスパーク,Rean,0,4
ファイアスパーク,generu,0,5
ファイアスパーク,neppaa,0,6
ファイアスパーク,uineru,0,7
ファイアスパーク,bakuree,0,8
ファイアスパーク,gyueeru,0,9
ファイアスパーク,Sein,0,10
ファイアスパーク,baan,0,11
ファイアスパーク,gurento,0,12
ファイアスパーク,saiden,0,13
ファイアスパーク,satosu,0,14
ファイアスパーク,bonba,0,15
ファイアスパーク,baara,0,16
リアル・イナズマ,Endou,0,1
リアル・イナズマ,Kazemaru,0,2
リアル・イナズマ,Kabeyama,0,3
リアル・イナズマ,Tsunami,0,4
リアル・イナズマ,Kogure,0,5
リアル・イナズマ,Raiden,0,6
リアル・イナズマ,Fudou,0,7
リアル・イナズマ,Fubuki,0,8
リアル・イナズマ,Gouenji,0,9
リアル・イナズマ,Toramaru,0,10
リアル・イナズマ,Tachimukai,0,11
リアル・イナズマ,Someoka,0,12
リアル・イナズマ,Kidou,0,13
リアル・イナズマ,Tobitaka,0,14
リアル・イナズマ,Sakuma,0,15
リアル・イナズマ,Hiroto,0,16
